"Downloaded on",05/09/2020,"21:07:08 EDT"
"Search URL",https://www.congress.gov/search?q=%7B%22source%22%3A%22members%22%2C%22chamber%22%3A%22Senate%22%7D

Name,URL,State,District,Party,Terms
"Senator Abdnor, James",https://www.congress.gov/member/james-abdnor/A000009,"South Dakota",,Republican,"Senate: 1981-1987 | House: 1973-1981"
"Senator Abourezk, James",https://www.congress.gov/member/james-abourezk/A000017,"South Dakota",,Democratic,"Senate: 1973-1979 | House: 1971-1973"
"Senator Abraham, Spencer",https://www.congress.gov/member/spencer-abraham/A000355,Michigan,,Republican,"Senate: 1995-2001"
"Senator Adams, Brock",https://www.congress.gov/member/brockman-adams/A000031,Washington,,Democratic,"Senate: 1987-1993 | House: 1965-1979"
"Senator Aiken, George",https://www.congress.gov/member/george-aiken/A000062,Vermont,,Republican,"Senate: 1941-1975"
"Senator Akaka, Daniel K.",https://www.congress.gov/member/daniel-akaka/A000069,Hawaii,,Democratic,"Senate: 1990-2013 | House: 1977-1991"
"Senator Alexander, Lamar",https://www.congress.gov/member/lamar-alexander/A000360,Tennessee,,Republican,"Senate: 2003-Present"
"Senator Allard, Wayne",https://www.congress.gov/member/a-allard/A000109,Colorado,,Republican,"Senate: 1997-2009 | House: 1991-1997"
"Senator Allen, George",https://www.congress.gov/member/george-allen/A000121,Virginia,,Republican,"Senate: 2001-2007 | House: 1991-1993"
"Senator Allen, James B.",https://www.congress.gov/member/james-allen/A000127,Alabama,,Democratic,"Senate: 1969-1979"
"Senator Allen, Maryon",https://www.congress.gov/member/maryon-allen/A000139,Alabama,,Democratic,"Senate: 1977-1979"
"Senator Anderson, Wendell R.",https://www.congress.gov/member/wendell-anderson/A000202,Minnesota,,Democratic,"Senate: 1977-1979"
"Senator Andrews, Mark",https://www.congress.gov/member/mark-andrews/A000208,"North Dakota",,Republican,"Senate: 1981-1987 | House: 1963-1981"
"Senator Armstrong, William L.",https://www.congress.gov/member/william-armstrong/A000219,Colorado,,Republican,"Senate: 1979-1991 | House: 1973-1979"
"Senator Ashcroft, John",https://www.congress.gov/member/john-ashcroft/A000356,Missouri,,Republican,"Senate: 1995-2001"
"Senator Ayotte, Kelly",https://www.congress.gov/member/kelly-ayotte/A000368,"New Hampshire",,Republican,"Senate: 2011-2017"
"Senator Baker, Howard H., Jr.",https://www.congress.gov/member/howard-baker/B000063,Tennessee,,Republican,"Senate: 1967-1985"
"Senator Baldwin, Tammy",https://www.congress.gov/member/tammy-baldwin/B001230,Wisconsin,,Democratic,"Senate: 2013-Present | House: 1999-2013"
"Senator Barkley, Dean M.",https://www.congress.gov/member/dean-barkley/B001237,Minnesota,,Independent,"Senate: 2002-2003"
"Senator Barrasso, John",https://www.congress.gov/member/john-barrasso/B001261,Wyoming,,Republican,"Senate: 2007-Present"
"Senator Bartlett, Dewey F.",https://www.congress.gov/member/dewey-bartlett/B000200,Oklahoma,,Republican,"Senate: 1973-1979"
"Senator Baucus, Max",https://www.congress.gov/member/max-baucus/B000243,Montana,,Democratic,"Senate: 1979-2014 | House: 1975-1979"
"Senator Bayh, Birch",https://www.congress.gov/member/birch-bayh/B000254,Indiana,,Democratic,"Senate: 1963-1981"
"Senator Bayh, Evan",https://www.congress.gov/member/evan-bayh/B001233,Indiana,,Democratic,"Senate: 1999-2011"
"Senator Beall, J. Glenn, Jr.",https://www.congress.gov/member/john-beall/B000272,Maryland,,Republican,"Senate: 1973-1977 | House: 1969-1971"
"Senator Begich, Mark",https://www.congress.gov/member/mark-begich/B001265,Alaska,,Democratic,"Senate: 2009-2015"
"Senator Bellmon, Henry L.",https://www.congress.gov/member/henry-bellmon/B000351,Oklahoma,,Republican,"Senate: 1969-1981"
"Senator Bennet, Michael F.",https://www.congress.gov/member/michael-bennet/B001267,Colorado,,Democratic,"Senate: 2009-Present"
"Senator Bennett, Robert F.",https://www.congress.gov/member/robert-bennett/B000382,Utah,,Republican,"Senate: 1993-2011"
"Senator Bennett, Wallace F.",https://www.congress.gov/member/wallace-bennett/B000384,Utah,,Republican,"Senate: 1951-1975"
"Senator Bentsen, Lloyd M.",https://www.congress.gov/member/lloyd-bentsen/B000401,Texas,,Democratic,"Senate: 1971-1993 | House: 1947-1955"
"Senator Bible, Alan",https://www.congress.gov/member/alan-bible/B000436,Nevada,,Democratic,"Senate: 1953-1975"
"Senator Biden, Joseph R., Jr.",https://www.congress.gov/member/joseph-biden/B000444,Delaware,,Democratic,"Senate: 1973-2009"
"Senator Bingaman, Jeff",https://www.congress.gov/member/jesse-bingaman/B000468,"New Mexico",,Democratic,"Senate: 1983-2013"
"Senator Blackburn, Marsha",https://www.congress.gov/member/marsha-blackburn/B001243,Tennessee,,Republican,"Senate: 2019-Present | House: 2003-2019"
"Senator Blumenthal, Richard",https://www.congress.gov/member/richard-blumenthal/B001277,Connecticut,,Democratic,"Senate: 2011-Present"
"Senator Blunt, Roy",https://www.congress.gov/member/roy-blunt/B000575,Missouri,,Republican,"Senate: 2011-Present | House: 1997-2011"
"Senator Bond, Christopher S.",https://www.congress.gov/member/christopher-bond/B000611,Missouri,,Republican,"Senate: 1987-2011"
"Senator Booker, Cory A.",https://www.congress.gov/member/cory-booker/B001288,"New Jersey",,Democratic,"Senate: 2013-Present"
"Senator Boozman, John",https://www.congress.gov/member/john-boozman/B001236,Arkansas,,Republican,"Senate: 2011-Present | House: 2001-2011"
"Senator Boren, David L.",https://www.congress.gov/member/david-boren/B000639,Oklahoma,,Democratic,"Senate: 1979-1995"
"Senator Boschwitz, Rudy",https://www.congress.gov/member/rudolf-boschwitz/B000647,Minnesota,,Republican,"Senate: 1979-1991"
"Senator Boxer, Barbara",https://www.congress.gov/member/barbara-boxer/B000711,California,,Democratic,"Senate: 1993-2017 | House: 1983-1993"
"Senator Bradley, Bill",https://www.congress.gov/member/william-bradley/B001225,"New Jersey",,Democratic,"Senate: 1979-1997"
"Senator Brady, Nicholas",https://www.congress.gov/member/nicholas-brady/B000756,"New Jersey",,Republican,"Senate: 1981-1983"
"Senator Braun, Mike ",https://www.congress.gov/member/mike-braun/B001310,Indiana,,Republican,"Senate: 2019-Present"
"Senator Breaux, John B.",https://www.congress.gov/member/john-breaux/B000780,Louisiana,,Democratic,"Senate: 1987-2005 | House: 1971-1987"
"Senator Brock, Bill",https://www.congress.gov/member/william-brock/B000851,Tennessee,,Republican,"Senate: 1971-1977 | House: 1963-1971"
"Senator Brooke, Edward W.",https://www.congress.gov/member/edward-brooke/B000871,Massachusetts,,Republican,"Senate: 1967-1979"
"Senator Brown, Hank",https://www.congress.gov/member/george-brown/B000919,Colorado,,Republican,"Senate: 1991-1997 | House: 1981-1991"
"Senator Brown, Scott P.",https://www.congress.gov/member/scott-brown/B001268,Massachusetts,,Republican,"Senate: 2010-2013"
"Senator Brown, Sherrod",https://www.congress.gov/member/sherrod-brown/B000944,Ohio,,Democratic,"Senate: 2007-Present | House: 1993-2007"
"Senator Brownback, Sam",https://www.congress.gov/member/sam-brownback/B000953,Kansas,,Republican,"Senate: 1997-2011 | House: 1995-1996"
"Representative Broyhill, James T.",https://www.congress.gov/member/james-broyhill/B000966,"North Carolina",10,Republican,"Senate: 1986-1987 | House: 1963-1986"
"Senator Bryan, Richard H.",https://www.congress.gov/member/richard-bryan/B000993,Nevada,,Democratic,"Senate: 1989-2001"
"Senator Buckley, James L.",https://www.congress.gov/member/james-buckley/B001026,"New York",,Republican,"Senate: 1971-1977"
"Senator Bumpers, Dale",https://www.congress.gov/member/dale-bumpers/B001057,Arkansas,,Democratic,"Senate: 1975-1999"
"Senator Bunning, Jim",https://www.congress.gov/member/jim-bunning/B001066,Kentucky,,Republican,"Senate: 1999-2011 | House: 1987-1999"
"Senator Burdick, Jocelyn",https://www.congress.gov/member/jocelyn-burdick/B001076,"North Dakota",,Democratic,"Senate: 1991-1993"
"Senator Burdick, Quentin N.",https://www.congress.gov/member/quentin-burdick/B001077,"North Dakota",,Democratic,"Senate: 1959-1993"
"Senator Burns, Conrad R.",https://www.congress.gov/member/conrad-burns/B001126,Montana,,Republican,"Senate: 1989-2007"
"Senator Burr, Richard",https://www.congress.gov/member/richard-burr/B001135,"North Carolina",,Republican,"Senate: 2005-Present | House: 1995-2005"
"Senator Burris, Roland",https://www.congress.gov/member/roland-burris/B001266,Illinois,,Democratic,"Senate: 2009-2010"
"Senator Byrd, Harry F.,  Jr.",https://www.congress.gov/member/harry-byrd/B001209,Virginia,,Independent,"Senate: 1965-1983"
"Senator Byrd, Robert C.",https://www.congress.gov/member/robert-byrd/B001210,"West Virginia",,Democratic,"Senate: 1959-2010 | House: 1953-1959"
"Senator Campbell, Ben Nighthorse",https://www.congress.gov/member/ben-campbell/C000077,Colorado,,Republican,"Senate: 1993-2005 | House: 1987-1993"
"Senator Cannon, Howard W.",https://www.congress.gov/member/howard-cannon/C000120,Nevada,,Democratic,"Senate: 1959-1983"
"Senator Cantwell, Maria",https://www.congress.gov/member/maria-cantwell/C000127,Washington,,Democratic,"Senate: 2001-Present | House: 1993-1995"
"Senator Capito, Shelley Moore",https://www.congress.gov/member/shelley-capito/C001047,"West Virginia",,Republican,"Senate: 2015-Present | House: 2001-2015"
"Senator Cardin, Benjamin L.",https://www.congress.gov/member/benjamin-cardin/C000141,Maryland,,Democratic,"Senate: 2007-Present | House: 1987-2007"
"Senator Carnahan, Jean",https://www.congress.gov/member/jean-carnahan/C001043,Missouri,,Democratic,"Senate: 2001-2002"
"Senator Carper, Thomas R.",https://www.congress.gov/member/thomas-carper/C000174,Delaware,,Democratic,"Senate: 2001-Present | House: 1983-1993"
"Senator Case, Clifford P.",https://www.congress.gov/member/clifford-case/C000220,"New Jersey",,Republican,"Senate: 1955-1979 | House: 1945-1955"
"Senator Casey, Robert P., Jr.",https://www.congress.gov/member/bob-casey/C001070,Pennsylvania,,Democratic,"Senate: 2007-Present"
"Senator Cassidy, Bill",https://www.congress.gov/member/bill-cassidy/C001075,Louisiana,,Republican,"Senate: 2015-Present | House: 2009-2015"
"Senator Chafee, John H.",https://www.congress.gov/member/john-chafee/C000269,"Rhode Island",,Republican,"Senate: 1977-1999"
"Senator Chafee, Lincoln",https://www.congress.gov/member/lincoln-chafee/C001040,"Rhode Island",,Republican,"Senate: 1999-2007"
"Senator Chambliss, Saxby",https://www.congress.gov/member/saxby-chambliss/C000286,Georgia,,Republican,"Senate: 2003-2015 | House: 1995-2003"
"Senator Chiesa, Jeff",https://www.congress.gov/member/jeffrey-chiesa/C001100,"New Jersey",,Republican,"Senate: 2013"
"Senator Chiles, Lawton",https://www.congress.gov/member/lawton-chiles/C000356,Florida,,Democratic,"Senate: 1971-1989"
"Senator Church, Frank",https://www.congress.gov/member/frank-church/C000388,Idaho,,Democratic,"Senate: 1957-1981"
"Senator Clark, Dick",https://www.congress.gov/member/richard-clark/C000448,Iowa,,Democratic,"Senate: 1973-1979"
"Senator Cleland, Max",https://www.congress.gov/member/max-cleland/C001034,Georgia,,Democratic,"Senate: 1997-2003"
"Senator Clinton, Hillary Rodham",https://www.congress.gov/member/hillary-clinton/C001041,"New York",,Democratic,"Senate: 2001-2009"
"Senator Coats, Daniel",https://www.congress.gov/member/daniel-coats/C000542,Indiana,,Republican,"Senate: 1989-1999, 2011-2017 | House: 1981-1989"
"Senator Coburn, Tom",https://www.congress.gov/member/tom-coburn/C000560,Oklahoma,,Republican,"Senate: 2005-2015 | House: 1995-2001"
"Senator Cochran, Thad",https://www.congress.gov/member/thad-cochran/C000567,Mississippi,,Republican,"Senate: 1979-2018 | House: 1973-1979"
"Senator Cohen, William S.",https://www.congress.gov/member/william-cohen/C000598,Maine,,Republican,"Senate: 1979-1997 | House: 1973-1979"
"Senator Coleman, Norm",https://www.congress.gov/member/norm-coleman/C001057,Minnesota,,Republican,"Senate: 2003-2009"
"Senator Collins, Susan M.",https://www.congress.gov/member/susan-collins/C001035,Maine,,Republican,"Senate: 1997-Present"
"Senator Conrad, Kent",https://www.congress.gov/member/kent-conrad/C000705,"North Dakota",,Democratic,"Senate: 1987-2013"
"Senator Cook, Marlow W.",https://www.congress.gov/member/marlow-cook/C000721,Kentucky,,Republican,"Senate: 1967-1975"
"Senator Coons, Christopher A.",https://www.congress.gov/member/christopher-coons/C001088,Delaware,,Democratic,"Senate: 2010-Present"
"Senator Corker, Bob",https://www.congress.gov/member/bob-corker/C001071,Tennessee,,Republican,"Senate: 2007-2019"
"Senator Cornyn, John",https://www.congress.gov/member/john-cornyn/C001056,Texas,,Republican,"Senate: 2002-Present"
"Senator Cortez Masto, Catherine ",https://www.congress.gov/member/catherine-cortez-masto/C001113,Nevada,,Democratic,"Senate: 2017-Present"
"Senator Corzine, Jon S.",https://www.congress.gov/member/jon-corzine/C001042,"New Jersey",,Democratic,"Senate: 2001-2006"
"Senator Cotton, Norris",https://www.congress.gov/member/norris-cotton/C000802,"New Hampshire",,Republican,"Senate: 1953-1977 | House: 1947-1953"
"Senator Cotton, Tom",https://www.congress.gov/member/tom-cotton/C001095,Arkansas,,Republican,"Senate: 2015-Present | House: 2013-2015"
"Senator Coverdell, Paul",https://www.congress.gov/member/paul-coverdell/C000813,Georgia,,Republican,"Senate: 1993-2000"
"Senator Cowan, William M.",https://www.congress.gov/member/william-mo-cowan/C001099,Massachusetts,,Democratic,"Senate: 2013"
"Senator Craig, Larry E.",https://www.congress.gov/member/larry-craig/C000858,Idaho,,Republican,"Senate: 1991-2009 | House: 1981-1991"
"Senator Cramer, Kevin",https://www.congress.gov/member/kevin-cramer/C001096,"North Dakota",,Republican,"Senate: 2019-Present | House: 2013-2019"
"Senator Cranston, Alan",https://www.congress.gov/member/alan-cranston/C000877,California,,Democratic,"Senate: 1969-1993"
"Senator Crapo, Mike",https://www.congress.gov/member/michael-crapo/C000880,Idaho,,Republican,"Senate: 1999-Present | House: 1993-1999"
"Senator Cruz, Ted",https://www.congress.gov/member/ted-cruz/C001098,Texas,,Republican,"Senate: 2013-Present"
"Senator Culver, John C.",https://www.congress.gov/member/john-culver/C000979,Iowa,,Democratic,"Senate: 1975-1981 | House: 1965-1975"
"Senator Curtis, Carl T.",https://www.congress.gov/member/carl-curtis/C001006,Nebraska,,Republican,"Senate: 1955-1979 | House: 1939-1955"
"Senator D'Amato, Alfonse",https://www.congress.gov/member/alfonse-d-amato/D000018,"New York",,Republican,"Senate: 1981-1999"
"Senator Daines, Steve",https://www.congress.gov/member/steve-daines/D000618,Montana,,Republican,"Senate: 2015-Present | House: 2013-2015"
"Senator Danforth, John C.",https://www.congress.gov/member/john-danforth/D000030,Missouri,,Republican,"Senate: 1977-1995"
"Senator Daschle, Thomas A.",https://www.congress.gov/member/thomas-daschle/D000064,"South Dakota",,Democratic,"Senate: 1987-2005 | House: 1979-1987"
"Senator Dayton, Mark",https://www.congress.gov/member/mark-dayton/D000596,Minnesota,,Democratic,"Senate: 2001-2007"
"Senator DeConcini, Dennis",https://www.congress.gov/member/dennis-deconcini/D000185,Arizona,,Democratic,"Senate: 1977-1995"
"Senator DeMint, Jim",https://www.congress.gov/member/james-demint/D000595,"South Carolina",,Republican,"Senate: 2005-2012 | House: 1999-2005"
"Senator Denton, Jeremiah",https://www.congress.gov/member/jeremiah-denton/D000259,Alabama,,Republican,"Senate: 1981-1987"
"Senator DeWine, Mike",https://www.congress.gov/member/michael-dewine/D000294,Ohio,,Republican,"Senate: 1995-2007 | House: 1983-1991"
"Senator Dixon, Alan J.",https://www.congress.gov/member/alan-dixon/D000366,Illinois,,Democratic,"Senate: 1981-1993"
"Senator Dodd, Christopher J.",https://www.congress.gov/member/christopher-dodd/D000388,Connecticut,,Democratic,"Senate: 1981-2011 | House: 1975-1981"
"Senator Dole, Elizabeth",https://www.congress.gov/member/elizabeth-dole/D000601,"North Carolina",,Republican,"Senate: 2003-2009"
"Senator Dole, Robert J.",https://www.congress.gov/member/robert-dole/D000401,Kansas,,Republican,"Senate: 1969-1997 | House: 1961-1969"
"Senator Domenici, Pete V.",https://www.congress.gov/member/pete-domenici/D000407,"New Mexico",,Republican,"Senate: 1973-2009"
"Senator Dominick, Peter H.",https://www.congress.gov/member/peter-dominick/D000409,Colorado,,Republican,"Senate: 1973-1975 | House: 1961-1963"
"Senator Donnelly, Joe",https://www.congress.gov/member/joe-donnelly/D000607,Indiana,,Democratic,"Senate: 2013-2019 | House: 2007-2013"
"Senator Dorgan, Byron L.",https://www.congress.gov/member/byron-dorgan/D000432,"North Dakota",,Democratic,"Senate: 1991-2011 | House: 1981-1993"
"Senator Duckworth, Tammy",https://www.congress.gov/member/tammy-duckworth/D000622,Illinois,,Democratic,"Senate: 2017-Present | House: 2013-2017"
"Senator Durbin, Richard J.",https://www.congress.gov/member/richard-durbin/D000563,Illinois,,Democratic,"Senate: 1997-Present | House: 1983-1997"
"Senator Durenberger, Dave",https://www.congress.gov/member/david-durenberger/D000566,Minnesota,,Republican,"Senate: 1977-1995"
"Senator Durkin, John A.",https://www.congress.gov/member/john-durkin/D000574,"New Hampshire",,Democratic,"Senate: 1975-1981"
"Senator Eagleton, Thomas F.",https://www.congress.gov/member/thomas-eagleton/E000004,Missouri,,Democratic,"Senate: 1967-1987"
"Senator East, John P.",https://www.congress.gov/member/john-east/E000017,"North Carolina",,Republican,"Senate: 1981-1987"
"Senator Eastland, James O.",https://www.congress.gov/member/james-eastland/E000018,Mississippi,,Democratic,"Senate: 1941-1979"
"Senator Edwards, John",https://www.congress.gov/member/john-edwards/E000286,"North Carolina",,Democratic,"Senate: 1999-2005"
"Senator Ensign, John",https://www.congress.gov/member/john-ensign/E000194,Nevada,,Republican,"Senate: 2001-2011 | House: 1995-1999"
"Senator Enzi, Michael B.",https://www.congress.gov/member/michael-enzi/E000285,Wyoming,,Republican,"Senate: 1997-Present"
"Senator Ernst, Joni ",https://www.congress.gov/member/joni-ernst/E000295,Iowa,,Republican,"Senate: 2015-Present"
"Senator Ervin, Sam J., Jr.",https://www.congress.gov/member/samuel-ervin/E000211,"North Carolina",,Democratic,"Senate: 1973-1975 | House: 1945-1947"
"Senator Evans, Daniel J.",https://www.congress.gov/member/daniel-evans/E000236,Washington,,Republican,"Senate: 1983-1989"
"Senator Exon, J. James",https://www.congress.gov/member/john-exon/E000284,Nebraska,,Democratic,"Senate: 1979-1997"
"Senator Faircloth, Lauch",https://www.congress.gov/member/duncan-faircloth/F000437,"North Carolina",,Republican,"Senate: 1993-1999"
"Senator Fannin, Paul J.",https://www.congress.gov/member/paul-fannin/F000013,Arizona,,Republican,"Senate: 1965-1977"
"Senator Feingold, Russell D.",https://www.congress.gov/member/russell-feingold/F000061,Wisconsin,,Democratic,"Senate: 1993-2011"
"Senator Feinstein, Dianne",https://www.congress.gov/member/dianne-feinstein/F000062,California,,Democratic,"Senate: 1992-Present"
"Senator Fischer, Deb",https://www.congress.gov/member/deb-fischer/F000463,Nebraska,,Republican,"Senate: 2013-Present"
"Senator Fitzgerald, Peter",https://www.congress.gov/member/peter-fitzgerald/F000442,Illinois,,Republican,"Senate: 1999-2005"
"Senator Flake, Jeff",https://www.congress.gov/member/jeff-flake/F000444,Arizona,,Republican,"Senate: 2013-2019 | House: 2001-2013"
"Senator Fong, Hiram L.",https://www.congress.gov/member/hiram-fong/F000245,Hawaii,,Republican,"Senate: 1959-1977"
"Senator Ford, Wendell H.",https://www.congress.gov/member/wendell-ford/F000268,Kentucky,,Democratic,"Senate: 1975-1999"
"Senator Fowler, Wyche, Jr.",https://www.congress.gov/member/wyche-fowler/F000329,Georgia,,Democratic,"Senate: 1987-1993 | House: 1977-1987"
"Senator Frahm, Sheila",https://www.congress.gov/member/sheila-frahm/F000438,Kansas,,Republican,"Senate: 1995-1997"
"Senator Franken, Al",https://www.congress.gov/member/al-franken/F000457,Minnesota,,Democratic,"Senate: 2009-2018"
"Senator Frist, William H.",https://www.congress.gov/member/william-frist/F000439,Tennessee,,Republican,"Senate: 1995-2007"
"Senator Fulbright, James",https://www.congress.gov/member/james-fulbright/F000401,Arkansas,,Democratic,"Senate: 1945-1947, 1973-1975 | House: 1943-1945"
"Senator Gardner, Cory",https://www.congress.gov/member/cory-gardner/G000562,Colorado,,Republican,"Senate: 2015-Present | House: 2011-2015"
"Senator Garn, E. J. (Jake)",https://www.congress.gov/member/edwin-garn/G000072,Utah,,Republican,"Senate: 1975-1993"
"Senator Gillibrand, Kirsten E.",https://www.congress.gov/member/kirsten-gillibrand/G000555,"New York",,Democratic,"Senate: 2009-Present | House: 2007-2009"
"Senator Glenn, John H., Jr.",https://www.congress.gov/member/john-glenn/G000236,Ohio,,Democratic,"Senate: 1975-1999"
"Senator Goldwater, Barry",https://www.congress.gov/member/barry-goldwater/G000267,Arizona,,Republican,"Senate: 1953-1965, 1969-1987"
"Senator Goodwin, Carte Patrick",https://www.congress.gov/member/carte-goodwin/G000561,"West Virginia",,Democratic,"Senate: 2010"
"Senator Gore, Albert, Jr.",https://www.congress.gov/member/albert-gore/G000321,Tennessee,,Democratic,"Senate: 1985-1993 | House: 1977-1985"
"Senator Gorton, Slade",https://www.congress.gov/member/thomas-gorton/G000333,Washington,,Republican,"Senate: 1981-1987, 1989-2001"
"Senator Graham, Bob",https://www.congress.gov/member/daniel-graham/G000352,Florida,,Democratic,"Senate: 1987-2005"
"Senator Graham, Lindsey",https://www.congress.gov/member/lindsey-graham/G000359,"South Carolina",,Republican,"Senate: 2003-Present | House: 1995-2003"
"Senator Gramm, Phil",https://www.congress.gov/member/william-gramm/G000365,Texas,,Republican,"Senate: 1985-2002 | House: 1979-1985"
"Senator Grams, Rod",https://www.congress.gov/member/rod-grams/G000367,Minnesota,,Republican,"Senate: 1995-2001 | House: 1993-1995"
"Senator Grassley, Chuck",https://www.congress.gov/member/charles-grassley/G000386,Iowa,,Republican,"Senate: 1981-Present | House: 1975-1981"
"Senator Gravel, Mike",https://www.congress.gov/member/maurice-gravel/G000388,Alaska,,Democratic,"Senate: 1969-1981"
"Senator Gregg, Judd",https://www.congress.gov/member/judd-gregg/G000445,"New Hampshire",,Republican,"Senate: 1993-2011 | House: 1981-1989"
"Senator Griffin, Robert P.",https://www.congress.gov/member/robert-griffin/G000465,Michigan,,Republican,"Senate: 1973-1979 | House: 1957-1965"
"Senator Gurney, Edward J.",https://www.congress.gov/member/edward-gurney/G000531,Florida,,Republican,"Senate: 1973-1975 | House: 1963-1969"
"Senator Hagan, Kay R.",https://www.congress.gov/member/kay-hagan/H001049,"North Carolina",,Democratic,"Senate: 2009-2015"
"Senator Hagel, Chuck",https://www.congress.gov/member/chuck-hagel/H001028,Nebraska,,Republican,"Senate: 1997-2009"
"Senator Hansen, Clifford P.",https://www.congress.gov/member/clifford-hansen/H000170,Wyoming,,Republican,"Senate: 1967-1979"
"Senator Harkin, Tom",https://www.congress.gov/member/thomas-harkin/H000206,Iowa,,Democratic,"Senate: 1985-2015 | House: 1975-1985"
"Senator Harris, Kamala D.",https://www.congress.gov/member/kamala-harris/H001075,California,,Democratic,"Senate: 2017-Present"
"Senator Hart, Gary W.",https://www.congress.gov/member/gary-hart/H000287,Colorado,,Democratic,"Senate: 1975-1987"
"Senator Hart, Philip A.",https://www.congress.gov/member/philip-hart/H000291,Michigan,,Democratic,"Senate: 1959-1977"
"Senator Hartke, Vance",https://www.congress.gov/member/rupert-hartke/H000297,Indiana,,Democratic,"Senate: 1959-1977"
"Senator Haskell, Floyd K.",https://www.congress.gov/member/floyd-haskell/H000317,Colorado,,Democratic,"Senate: 1973-1979"
"Senator Hassan, Margaret Wood",https://www.congress.gov/member/margaret-hassan/H001076,"New Hampshire",,Democratic,"Senate: 2017-Present"
"Senator Hatch, Orrin G.",https://www.congress.gov/member/orrin-hatch/H000338,Utah,,Republican,"Senate: 1977-2019"
"Senator Hatfield, Mark O.",https://www.congress.gov/member/mark-hatfield/H000343,Oregon,,Republican,"Senate: 1967-1997"
"Senator Hatfield, Paul",https://www.congress.gov/member/paul-hatfield/H000344,Montana,,Democratic,"Senate: 1977-1979"
"Senator Hathaway, William D.",https://www.congress.gov/member/william-hathaway/H000346,Maine,,Democratic,"Senate: 1973-1979 | House: 1965-1973"
"Senator Hawkins, Paula",https://www.congress.gov/member/paula-hawkins/H000374,Florida,,Republican,"Senate: 1981-1987"
"Senator Hawley, Josh ",https://www.congress.gov/member/josh-hawley/H001089,Missouri,,Republican,"Senate: 2019-Present"
"Senator Hayakawa, Samuel Ichiye",https://www.congress.gov/member/samuel-hayakawa/H000384,California,,Republican,"Senate: 1977-1983"
"Senator Hecht, Chic",https://www.congress.gov/member/jacob-hecht/H000439,Nevada,,Republican,"Senate: 1983-1989"
"Senator Heflin, Howell",https://www.congress.gov/member/howell-heflin/H000445,Alabama,,Democratic,"Senate: 1979-1997"
"Senator Heinrich, Martin",https://www.congress.gov/member/martin-heinrich/H001046,"New Mexico",,Democratic,"Senate: 2013-Present | House: 2009-2013"
"Senator Heinz, John",https://www.congress.gov/member/henry-heinz/H000456,Pennsylvania,,Republican,"Senate: 1977-1993 | House: 1971-1977"
"Senator Heitkamp, Heidi",https://www.congress.gov/member/heidi-heitkamp/H001069,"North Dakota",,Democratic,"Senate: 2013-2019"
"Senator Heller, Dean",https://www.congress.gov/member/dean-heller/H001041,Nevada,,Republican,"Senate: 2011-2019 | House: 2007-2011"
"Senator Helms, Jesse",https://www.congress.gov/member/jesse-helms/H000463,"North Carolina",,Republican,"Senate: 1973-2003"
"Senator Hirono, Mazie K.",https://www.congress.gov/member/mazie-hirono/H001042,Hawaii,,Democratic,"Senate: 2013-Present | House: 2007-2013"
"Senator Hodges, Kaneaster, Jr.",https://www.congress.gov/member/kaneaster-hodges/H000675,Arkansas,,Democratic,"Senate: 1977-1979"
"Senator Hoeven, John",https://www.congress.gov/member/john-hoeven/H001061,"North Dakota",,Republican,"Senate: 2011-Present"
"Senator Hollings, Ernest F.",https://www.congress.gov/member/ernest-hollings/H000725,"South Carolina",,Democratic,"Senate: 1965-2005"
"Senator Hruska, Roman L.",https://www.congress.gov/member/roman-hruska/H000875,Nebraska,,Republican,"Senate: 1953-1977"
"Senator Huddleston, Walter (Dee)",https://www.congress.gov/member/walter-huddleston/H000905,Kentucky,,Democratic,"Senate: 1973-1985"
"Senator Hughes, Harold E.",https://www.congress.gov/member/harold-hughes/H000922,Iowa,,Democratic,"Senate: 1969-1975"
"Senator Humphrey, Gordon J.",https://www.congress.gov/member/gordon-humphrey/H000951,"New Hampshire",,Republican,"Senate: 1979-1991"
"Senator Humphrey, Hubert H.",https://www.congress.gov/member/hubert-humphrey/H000953,Minnesota,,Democratic,"Senate: 1949-1965, 1971-1979"
"Senator Humphrey, Muriel",https://www.congress.gov/member/muriel-humphrey/H000956,Minnesota,,Democratic,"Senate: 1977-1979"
"Senator Hutchinson, Tim",https://www.congress.gov/member/tim-hutchinson/H001015,Arkansas,,Republican,"Senate: 1997-2003 | House: 1993-1997"
"Senator Hutchison, Kay Bailey",https://www.congress.gov/member/kay-hutchison/H001016,Texas,,Republican,"Senate: 1993-2013"
"Senator Hyde-Smith, Cindy",https://www.congress.gov/member/cindy-hyde-smith/H001079,Mississippi,,Republican,"Senate: 2018-Present"
"Senator Inhofe, James M.",https://www.congress.gov/member/jim-inhofe/I000024,Oklahoma,,Republican,"Senate: 1994-Present | House: 1987-1995"
"Senator Inouye, Daniel K.",https://www.congress.gov/member/daniel-inouye/I000025,Hawaii,,Democratic,"Senate: 1963-2012 | House: 1959-1963"
"Senator Isakson, Johnny",https://www.congress.gov/member/johnny-isakson/I000055,Georgia,,Republican,"Senate: 2005-2019 | House: 1999-2005"
"Senator Jackson, Henry M.",https://www.congress.gov/member/henry-jackson/J000013,Washington,,Democratic,"Senate: 1953-1985 | House: 1941-1953"
"Senator Javits, Jacob K.",https://www.congress.gov/member/jacob-javits/J000064,"New York",,Republican,"Senate: 1957-1981 | House: 1947-1955"
"Senator Jeffords, James M.",https://www.congress.gov/member/james-jeffords/J000072,Vermont,,Independent,"Senate: 1989-2007 | House: 1975-1989"
"Senator Jepsen, Roger W.",https://www.congress.gov/member/roger-jepsen/J000101,Iowa,,Republican,"Senate: 1979-1985"
"Senator Johanns, Mike",https://www.congress.gov/member/mike-johanns/J000291,Nebraska,,Republican,"Senate: 2009-2015"
"Senator Johnson, Ron",https://www.congress.gov/member/ron-johnson/J000293,Wisconsin,,Republican,"Senate: 2011-Present"
"Senator Johnson, Tim",https://www.congress.gov/member/tim-johnson/J000177,"South Dakota",,Democratic,"Senate: 1997-2015 | House: 1987-1997"
"Senator Johnston, J. Bennett",https://www.congress.gov/member/john-johnston/J000189,Louisiana,,Democratic,"Senate: 1971-1997"
"Senator Jones, Doug ",https://www.congress.gov/member/doug-jones/J000300,Alabama,,Democratic,"Senate: 2018-Present"
"Senator Kaine, Tim",https://www.congress.gov/member/timothy-kaine/K000384,Virginia,,Democratic,"Senate: 2013-Present"
"Senator Karnes, David K.",https://www.congress.gov/member/david-karnes/K000011,Nebraska,,Republican,"Senate: 1987-1989"
"Senator Kassebaum, Nancy Landon",https://www.congress.gov/member/nancy-kassebaum/K000017,Kansas,,Republican,"Senate: 1979-1997"
"Senator Kasten, Robert W., Jr.",https://www.congress.gov/member/robert-kasten/K000019,Wisconsin,,Republican,"Senate: 1981-1993 | House: 1975-1979"
"Senator Kaufman, Edward E.",https://www.congress.gov/member/edward-kaufman/K000373,Delaware,,Democratic,"Senate: 2009-2010"
"Senator Kempthorne, Dirk",https://www.congress.gov/member/dirk-kempthorne/K000088,Idaho,,Republican,"Senate: 1993-1999"
"Senator Kennedy, Edward M.",https://www.congress.gov/member/edward-kennedy/K000105,Massachusetts,,Democratic,"Senate: 1961-2009"
"Senator Kennedy, John",https://www.congress.gov/member/john-kennedy/K000393,Louisiana,,Republican,"Senate: 2017-Present"
"Senator Kerrey, J. Robert",https://www.congress.gov/member/j-kerrey/K000146,Nebraska,,Democratic,"Senate: 1989-2001"
"Senator Kerry, John F.",https://www.congress.gov/member/john-kerry/K000148,Massachusetts,,Democratic,"Senate: 1985-2013"
"Senator King, Angus S., Jr.",https://www.congress.gov/member/angus-king/K000383,Maine,,Independent,"Senate: 2013-Present"
"Senator Kirk, Mark Steven",https://www.congress.gov/member/mark-kirk/K000360,Illinois,,Republican,"Senate: 2010-2017 | House: 2001-2010"
"Senator Kirk, Paul Grattan, Jr.",https://www.congress.gov/member/paul-kirk/K000374,Massachusetts,,Democratic,"Senate: 2009-2010"
"Senator Klobuchar, Amy",https://www.congress.gov/member/amy-klobuchar/K000367,Minnesota,,Democratic,"Senate: 2007-Present"
"Senator Kohl, Herb",https://www.congress.gov/member/herbert-kohl/K000305,Wisconsin,,Democratic,"Senate: 1989-2013"
"Senator Krueger, Robert C.",https://www.congress.gov/member/robert-krueger/K000333,Texas,,Democratic,"Senate: 1993-1995 | House: 1975-1979"
"Senator Kyl, Jon",https://www.congress.gov/member/jon-kyl/K000352,Arizona,,Republican,"Senate: 1995-2013, 2018-2019 | House: 1987-1995"
"Senator Landrieu, Mary L.",https://www.congress.gov/member/mary-landrieu/L000550,Louisiana,,Democratic,"Senate: 1997-2015"
"Senator Lankford, James",https://www.congress.gov/member/james-lankford/L000575,Oklahoma,,Republican,"Senate: 2015-Present | House: 2011-2015"
"Senator Lautenberg, Frank R.",https://www.congress.gov/member/frank-lautenberg/L000123,"New Jersey",,Democratic,"Senate: 1983-2001, 2003-2013"
"Senator Laxalt, Paul D.",https://www.congress.gov/member/paul-laxalt/L000148,Nevada,,Republican,"Senate: 1973-1987"
"Senator Leahy, Patrick J.",https://www.congress.gov/member/patrick-leahy/L000174,Vermont,,Democratic,"Senate: 1975-Present"
"Senator Lee, Mike",https://www.congress.gov/member/mike-lee/L000577,Utah,,Republican,"Senate: 2011-Present"
"Senator LeMieux, George S.",https://www.congress.gov/member/george-lemieux/L000572,Florida,,Republican,"Senate: 2009-2011"
"Senator Levin, Carl",https://www.congress.gov/member/carl-levin/L000261,Michigan,,Democratic,"Senate: 1979-2015"
"Senator Lieberman, Joseph I.",https://www.congress.gov/member/joseph-lieberman/L000304,Connecticut,,"Independent Democrat","Senate: 1989-2013"
"Senator Lincoln, Blanche L.",https://www.congress.gov/member/blanche-lincoln/L000035,Arkansas,,Democratic,"Senate: 1999-2011 | House: 1993-1997"
"Senator Loeffler, Kelly",https://www.congress.gov/member/kelly-loeffler/L000594,Georgia,,Republican,"Senate: 2020-Present"
"Senator Long, Russell B.",https://www.congress.gov/member/russell-long/L000428,Louisiana,,Democratic,"Senate: 1947-1987"
"Senator Lott, Trent",https://www.congress.gov/member/chester-lott/L000447,Mississippi,,Republican,"Senate: 1989-2007 | House: 1973-1989"
"Senator Lugar, Richard G.",https://www.congress.gov/member/richard-lugar/L000504,Indiana,,Republican,"Senate: 1977-2013"
"Senator Mack, Connie, III",https://www.congress.gov/member/connie-mack/M000019,Florida,,Republican,"Senate: 1989-2001 | House: 1983-1989"
"Senator Magnuson, Warren G.",https://www.congress.gov/member/warren-magnuson/M000053,Washington,,Democratic,"Senate: 1945-1981 | House: 1937-1943"
"Senator Manchin, Joe, III",https://www.congress.gov/member/joe-manchin/M001183,"West Virginia",,Democratic,"Senate: 2010-Present"
"Senator Mansfield, Mike",https://www.congress.gov/member/michael-mansfield/M000113,Montana,,Democratic,"Senate: 1953-1977 | House: 1943-1953"
"Senator Markey, Edward J.",https://www.congress.gov/member/edward-markey/M000133,Massachusetts,,Democratic,"Senate: 2013-Present | House: 1977-2013"
"Senator Martinez, Mel",https://www.congress.gov/member/mel-martinez/M001162,Florida,,Republican,"Senate: 2005-2009"
"Senator Mathews, Harlan",https://www.congress.gov/member/harlan-mathews/M000236,Tennessee,,Democratic,"Senate: 1993-1995"
"Senator Mathias, Charles McC., Jr.",https://www.congress.gov/member/charles-mathias/M000241,Maryland,,Republican,"Senate: 1973-1987 | House: 1961-1969"
"Senator Matsunaga, Spark M.",https://www.congress.gov/member/spark-matsunaga/M000250,Hawaii,,Democratic,"Senate: 1977-1991 | House: 1963-1977"
"Senator Mattingly, Mack",https://www.congress.gov/member/mack-mattingly/M000257,Georgia,,Republican,"Senate: 1981-1987"
"Senator McCain, John",https://www.congress.gov/member/john-mccain/M000303,Arizona,,Republican,"Senate: 1987-2018 | House: 1983-1987"
"Senator McCaskill, Claire",https://www.congress.gov/member/claire-mccaskill/M001170,Missouri,,Democratic,"Senate: 2007-2019"
"Senator McClellan, John L.",https://www.congress.gov/member/john-mcclellan/M000332,Arkansas,,Democratic,"Senate: 1973-1979 | House: 1935-1939"
"Senator McClure, James A.",https://www.congress.gov/member/james-mcclure/M000346,Idaho,,Republican,"Senate: 1973-1991 | House: 1967-1973"
"Senator McConnell, Mitch",https://www.congress.gov/member/mitch-mcconnell/M000355,Kentucky,,Republican,"Senate: 1985-Present"
"Senator McGee, Gale W.",https://www.congress.gov/member/gale-mcgee/M000445,Wyoming,,Democratic,"Senate: 1959-1977"
"Senator McGovern, George",https://www.congress.gov/member/george-mcgovern/M000452,"South Dakota",,Democratic,"Senate: 1963-1981 | House: 1957-1961"
"Senator McIntyre, Thomas J.",https://www.congress.gov/member/thomas-mcintyre/M000486,"New Hampshire",,Democratic,"Senate: 1961-1979"
"Senator McSally, Martha",https://www.congress.gov/member/martha-mcsally/M001197,Arizona,,Republican,"Senate: 2019-Present | House: 2015-2019"
"Senator Melcher, John",https://www.congress.gov/member/john-melcher/M000635,Montana,,Democratic,"Senate: 1977-1989 | House: 1969-1977"
"Senator Menendez, Robert",https://www.congress.gov/member/robert-menendez/M000639,"New Jersey",,Democratic,"Senate: 2006-Present | House: 1993-2006"
"Senator Merkley, Jeff",https://www.congress.gov/member/jeff-merkley/M001176,Oregon,,Democratic,"Senate: 2009-Present"
"Senator Metcalf, Lee",https://www.congress.gov/member/lee-metcalf/M000671,Montana,,Democratic,"Senate: 1961-1979 | House: 1953-1961"
"Senator Metzenbaum, Howard M.",https://www.congress.gov/member/howard-metzenbaum/M000678,Ohio,,Democratic,"Senate: 1973-1975, 1977-1995"
"Senator Mikulski, Barbara A.",https://www.congress.gov/member/barbara-mikulski/M000702,Maryland,,Democratic,"Senate: 1987-2017 | House: 1977-1987"
"Senator Miller, Zell",https://www.congress.gov/member/zell-miller/M001141,Georgia,,Democratic,"Senate: 2000-2005"
"Senator Mitchell, George J.",https://www.congress.gov/member/george-mitchell/M000811,Maine,,Democratic,"Senate: 1979-1995"
"Senator Mondale, Walter F.",https://www.congress.gov/member/walter-mondale/M000851,Minnesota,,Democratic,"Senate: 1963-1977"
"Senator Montoya, Joseph M.",https://www.congress.gov/member/joseph-montoya/M000876,"New Mexico",,Democratic,"Senate: 1963-1977 | House: 1957-1963"
"Senator Moran, Jerry",https://www.congress.gov/member/jerry-moran/M000934,Kansas,,Republican,"Senate: 2011-Present | House: 1997-2011"
"Senator Morgan, Robert B.",https://www.congress.gov/member/robert-morgan/M000956,"North Carolina",,Democratic,"Senate: 1975-1981"
"Senator Moseley-Braun, Carol",https://www.congress.gov/member/carol-moseley-braun/M001025,Illinois,,Democratic,"Senate: 1993-1999"
"Senator Moss, Frank E.",https://www.congress.gov/member/frank-moss/M001033,Utah,,Democratic,"Senate: 1959-1977"
"Senator Moynihan, Daniel Patrick",https://www.congress.gov/member/daniel-moynihan/M001054,"New York",,Democratic,"Senate: 1977-2001"
"Senator Murkowski, Frank H.",https://www.congress.gov/member/frank-murkowski/M001085,Alaska,,Republican,"Senate: 1981-2002"
"Senator Murkowski, Lisa",https://www.congress.gov/member/lisa-murkowski/M001153,Alaska,,Republican,"Senate: 2003-Present"
"Senator Murphy, Christopher",https://www.congress.gov/member/christopher-murphy/M001169,Connecticut,,Democratic,"Senate: 2013-Present | House: 2007-2013"
"Senator Murray, Patty",https://www.congress.gov/member/patty-murray/M001111,Washington,,Democratic,"Senate: 1993-Present"
"Senator Muskie, Edmund S.",https://www.congress.gov/member/edmund-muskie/M001121,Maine,,Democratic,"Senate: 1959-1981"
"Senator Nelson, Ben",https://www.congress.gov/member/e-nelson/N000180,Nebraska,,Democratic,"Senate: 2001-2013"
"Senator Nelson, Bill",https://www.congress.gov/member/clarence-nelson/N000032,Florida,,Democratic,"Senate: 2001-2019 | House: 1979-1991"
"Senator Nelson, Gaylord",https://www.congress.gov/member/gaylord-nelson/N000033,Wisconsin,,Democratic,"Senate: 1963-1981"
"Senator Nickles, Don",https://www.congress.gov/member/donald-nickles/N000102,Oklahoma,,Republican,"Senate: 1981-2005"
"Senator Nunn, Sam",https://www.congress.gov/member/samuel-nunn/N000171,Georgia,,Democratic,"Senate: 1971-1997"
"Senator Obama, Barack",https://www.congress.gov/member/barack-obama/O000167,Illinois,,Democratic,"Senate: 2005-2008"
"Senator Packwood, Bob",https://www.congress.gov/member/robert-packwood/P000009,Oregon,,Republican,"Senate: 1969-1997"
"Senator Pastore, John O.",https://www.congress.gov/member/john-pastore/P000100,"Rhode Island",,Democratic,"Senate: 1949-1977"
"Senator Paul, Rand",https://www.congress.gov/member/rand-paul/P000603,Kentucky,,Republican,"Senate: 2011-Present"
"Senator Pearson, James B.",https://www.congress.gov/member/james-pearson/P000166,Kansas,,Republican,"Senate: 1961-1979"
"Senator Pell, Claiborne",https://www.congress.gov/member/claiborne-pell/P000193,"Rhode Island",,Democratic,"Senate: 1961-1997"
"Representative Pepper, Claude",https://www.congress.gov/member/claude-pepper/P000218,Florida,18,Democratic,"Senate: 1935-1951 | House: 1963-1991"
"Senator Percy, Charles H.",https://www.congress.gov/member/charles-percy/P000222,Illinois,,Republican,"Senate: 1967-1985"
"Senator Perdue, David",https://www.congress.gov/member/david-perdue/P000612,Georgia,,Republican,"Senate: 2015-Present"
"Senator Peters, Gary C.",https://www.congress.gov/member/gary-peters/P000595,Michigan,,Democratic,"Senate: 2015-Present | House: 2009-2015"
"Senator Portman, Rob",https://www.congress.gov/member/rob-portman/P000449,Ohio,,Republican,"Senate: 2011-Present | House: 1993-2007"
"Senator Pressler, Larry",https://www.congress.gov/member/larry-pressler/P000513,"South Dakota",,Republican,"Senate: 1979-1997 | House: 1975-1979"
"Senator Proxmire, William",https://www.congress.gov/member/william-proxmire/P000553,Wisconsin,,Democratic,"Senate: 1957-1989"
"Senator Pryor, David H.",https://www.congress.gov/member/david-pryor/P000556,Arkansas,,Democratic,"Senate: 1979-1997 | House: 1965-1973"
"Senator Pryor, Mark L.",https://www.congress.gov/member/mark-pryor/P000590,Arkansas,,Democratic,"Senate: 2003-2015"
"Senator Quayle, Dan",https://www.congress.gov/member/john-quayle/Q000007,Indiana,,Republican,"Senate: 1981-1991 | House: 1977-1981"
"Senator Randolph, Jennings",https://www.congress.gov/member/jennings-randolph/R000046,"West Virginia",,Democratic,"Senate: 1957-1985 | House: 1933-1947"
"Senator Reed, Jack",https://www.congress.gov/member/john-reed/R000122,"Rhode Island",,Democratic,"Senate: 1997-Present | House: 1991-1997"
"Senator Reid, Harry",https://www.congress.gov/member/harry-reid/R000146,Nevada,,Democratic,"Senate: 1987-2017 | House: 1983-1987"
"Senator Ribicoff, Abraham A.",https://www.congress.gov/member/abraham-ribicoff/R000191,Connecticut,,Democratic,"Senate: 1963-1981 | House: 1949-1953"
"Senator Riegle, Donald W., Jr.",https://www.congress.gov/member/donald-riegle/R000249,Michigan,,Democratic,"Senate: 1977-1995 | House: 1967-1977"
"Senator Risch, James E.",https://www.congress.gov/member/james-risch/R000584,Idaho,,Republican,"Senate: 2009-Present"
"Senator Robb, Charles S.",https://www.congress.gov/member/charles-robb/R000295,Virginia,,Democratic,"Senate: 1989-2001"
"Senator Roberts, Pat",https://www.congress.gov/member/pat-roberts/R000307,Kansas,,Republican,"Senate: 1997-Present | House: 1981-1997"
"Senator Rockefeller, John D., IV",https://www.congress.gov/member/jay-rockefeller/R000361,"West Virginia",,Democratic,"Senate: 1985-2015"
"Senator Romney, Mitt ",https://www.congress.gov/member/mitt-romney/R000615,Utah,,Republican,"Senate: 2019-Present"
"Senator Rosen, Jacky",https://www.congress.gov/member/jacklyn-rosen/R000608,Nevada,,Democratic,"Senate: 2019-Present | House: 2017-2019"
"Senator Roth Jr., William V.",https://www.congress.gov/member/william-roth/R000460,Delaware,,Republican,"Senate: 1969-2001 | House: 1967-1969"
"Senator Rounds, Mike ",https://www.congress.gov/member/mike-rounds/R000605,"South Dakota",,Republican,"Senate: 2015-Present"
"Senator Rubio, Marco",https://www.congress.gov/member/marco-rubio/R000595,Florida,,Republican,"Senate: 2011-Present"
"Senator Rudman, Warren",https://www.congress.gov/member/warren-rudman/R000497,"New Hampshire",,Republican,"Senate: 1981-1993"
"Senator Salazar, Ken",https://www.congress.gov/member/ken-salazar/S001163,Colorado,,Democratic,"Senate: 2005-2009"
"Senator Sanders, Bernard",https://www.congress.gov/member/bernard-sanders/S000033,Vermont,,Independent,"Senate: 2007-Present | House: 1991-2007"
"Senator Sanford, Terry",https://www.congress.gov/member/terry-sanford/S000055,"North Carolina",,Democratic,"Senate: 1985-1993"
"Senator Santorum, Rick",https://www.congress.gov/member/rick-santorum/S000059,Pennsylvania,,Republican,"Senate: 1995-2007 | House: 1991-1995"
"Senator Sarbanes, Paul S.",https://www.congress.gov/member/paul-sarbanes/S000064,Maryland,,Democratic,"Senate: 1977-2007 | House: 1971-1977"
"Senator Sasse, Ben ",https://www.congress.gov/member/ben-sasse/S001197,Nebraska,,Republican,"Senate: 2015-Present"
"Senator Sasser, Jim",https://www.congress.gov/member/james-sasser/S000068,Tennessee,,Democratic,"Senate: 1977-1995"
"Senator Saxbe, William B.",https://www.congress.gov/member/william-saxbe/S000096,Ohio,,Republican,"Senate: 1969-1975"
"Senator Schatz, Brian",https://www.congress.gov/member/brian-schatz/S001194,Hawaii,,Democratic,"Senate: 2012-Present"
"Senator Schmitt, Harrison H.",https://www.congress.gov/member/harrison-schmitt/S000132,"New Mexico",,Republican,"Senate: 1977-1983"
"Senator Schumer, Charles E.",https://www.congress.gov/member/charles-schumer/S000148,"New York",,Democratic,"Senate: 1999-Present | House: 1981-1999"
"Senator Schweiker, Richard S.",https://www.congress.gov/member/richard-schweiker/S000159,Pennsylvania,,Republican,"Senate: 1969-1981 | House: 1961-1969"
"Senator Scott, Hugh",https://www.congress.gov/member/hugh-scott/S000174,Pennsylvania,,Republican,"Senate: 1959-1977 | House: 1941-1945, 1947-1959"
"Senator Scott, Rick ",https://www.congress.gov/member/rick-scott/S001217,Florida,,Republican,"Senate: 2019-Present"
"Senator Scott, Tim",https://www.congress.gov/member/tim-scott/S001184,"South Carolina",,Republican,"Senate: 2013-Present | House: 2011-2013"
"Senator Scott, William Lloyd",https://www.congress.gov/member/william-scott/S000189,Virginia,,Republican,"Senate: 1973-1979 | House: 1967-1973"
"Senator Sessions, Jeff",https://www.congress.gov/member/jeff-sessions/S001141,Alabama,,Republican,"Senate: 1997-2017"
"Senator Seymour, John",https://www.congress.gov/member/john-seymour/S000269,California,,Republican,"Senate: 1991-1993"
"Senator Shaheen, Jeanne",https://www.congress.gov/member/jeanne-shaheen/S001181,"New Hampshire",,Democratic,"Senate: 2009-Present"
"Senator Shelby, Richard C.",https://www.congress.gov/member/richard-shelby/S000320,Alabama,,Republican,"Senate: 1987-Present | House: 1979-1987"
"Senator Simon, Paul",https://www.congress.gov/member/paul-simon/S000423,Illinois,,Democratic,"Senate: 1985-1997 | House: 1975-1985"
"Senator Simpson, Alan K.",https://www.congress.gov/member/alan-simpson/S000429,Wyoming,,Republican,"Senate: 1979-1997"
"Senator Sinema, Kyrsten",https://www.congress.gov/member/kyrsten-sinema/S001191,Arizona,,Democratic,"Senate: 2019-Present | House: 2013-2019"
"Senator Smith, Bob",https://www.congress.gov/member/robert-smith/S000606,"New Hampshire",,Republican,"Senate: 1991-2003 | House: 1985-1991"
"Senator Smith, Gordon H.",https://www.congress.gov/member/gordon-smith/S001142,Oregon,,Republican,"Senate: 1997-2009"
"Senator Smith, Tina ",https://www.congress.gov/member/tina-smith/S001203,Minnesota,,Democratic,"Senate: 2018-Present"
"Senator Snowe, Olympia J.",https://www.congress.gov/member/olympia-snowe/S000663,Maine,,Republican,"Senate: 1995-2013 | House: 1979-1995"
"Senator Sparkman, John J.",https://www.congress.gov/member/john-sparkman/S000701,Alabama,,Democratic,"Senate: 1945-1979 | House: 1937-1945"
"Senator Specter, Arlen",https://www.congress.gov/member/arlen-specter/S000709,Pennsylvania,,Democratic,"Senate: 1981-2011"
"Senator Stabenow, Debbie",https://www.congress.gov/member/deborah-stabenow/S000770,Michigan,,Democratic,"Senate: 2001-Present | House: 1997-2001"
"Senator Stafford, Robert T.",https://www.congress.gov/member/robert-stafford/S000776,Vermont,,Republican,"Senate: 1971-1989 | House: 1961-1971"
"Senator Stennis, John C.",https://www.congress.gov/member/john-stennis/S000852,Mississippi,,Democratic,"Senate: 1947-1989"
"Senator Stevens, Ted",https://www.congress.gov/member/theodore-stevens/S000888,Alaska,,Republican,"Senate: 1967-2009"
"Senator Stevenson, Adlai E., III",https://www.congress.gov/member/adlai-stevenson/S000890,Illinois,,Democratic,"Senate: 1969-1981"
"Senator Stewart, Donald",https://www.congress.gov/member/donald-stewart/S000907,Alabama,,Democratic,"Senate: 1977-1981"
"Senator Stone, Richard (Dick)",https://www.congress.gov/member/richard-stone/S000962,Florida,,Democratic,"Senate: 1975-1981"
"Senator Strange, Luther",https://www.congress.gov/member/luther-strange/S001202,Alabama,,Republican,"Senate: 2017-2018"
"Senator Sullivan, Dan ",https://www.congress.gov/member/dan-sullivan/S001198,Alaska,,Republican,"Senate: 2015-Present"
"Senator Sununu, John E.",https://www.congress.gov/member/john-sununu/S001078,"New Hampshire",,Republican,"Senate: 2003-2009 | House: 1997-2003"
"Senator Symington, Stuart",https://www.congress.gov/member/william-symington/S001136,Missouri,,Democratic,"Senate: 1953-1977"
"Senator Symms, Steven D.",https://www.congress.gov/member/steven-symms/S001138,Idaho,,Republican,"Senate: 1981-1993 | House: 1973-1981"
"Senator Taft, Robert, Jr.",https://www.congress.gov/member/robert-taft/T000010,Ohio,,Republican,"Senate: 1971-1977 | House: 1963-1965, 1967-1971"
"Senator Talent, Jim",https://www.congress.gov/member/jim-talent/T000024,Missouri,,Republican,"Senate: 2002-2007 | House: 1993-2001"
"Senator Talmadge, Herman E.",https://www.congress.gov/member/herman-talmadge/T000035,Georgia,,Democratic,"Senate: 1957-1981"
"Senator Tester, Jon",https://www.congress.gov/member/jon-tester/T000464,Montana,,Democratic,"Senate: 2007-Present"
"Senator Thomas, Craig",https://www.congress.gov/member/craig-thomas/T000162,Wyoming,,Republican,"Senate: 1995-2007 | House: 1989-1995"
"Senator Thompson, Fred",https://www.congress.gov/member/fred-thompson/T000457,Tennessee,,Republican,"Senate: 1994-2003"
"Senator Thune, John",https://www.congress.gov/member/john-thune/T000250,"South Dakota",,Republican,"Senate: 2005-Present | House: 1997-2003"
"Senator Thurmond, Strom",https://www.congress.gov/member/james-thurmond/T000254,"South Carolina",,Republican,"Senate: 1953-2003"
"Senator Tillis, Thom",https://www.congress.gov/member/thomas-tillis/T000476,"North Carolina",,Republican,"Senate: 2015-Present"
"Senator Toomey, Pat",https://www.congress.gov/member/pat-toomey/T000461,Pennsylvania,,Republican,"Senate: 2011-Present | House: 1999-2005"
"Senator Torricelli, Robert G.",https://www.congress.gov/member/robert-torricelli/T000317,"New Jersey",,Democratic,"Senate: 1997-2003 | House: 1983-1997"
"Senator Tower, John G.",https://www.congress.gov/member/john-tower/T000322,Texas,,Republican,"Senate: 1961-1985"
"Senator Trible, Paul S., Jr.",https://www.congress.gov/member/paul-trible/T000367,Virginia,,Republican,"Senate: 1983-1989 | House: 1977-1983"
"Senator Tsongas, Paul E.",https://www.congress.gov/member/paul-tsongas/T000393,Massachusetts,,Democratic,"Senate: 1979-1985 | House: 1975-1979"
"Senator Tunney, John V.",https://www.congress.gov/member/john-tunney/T000410,California,,Democratic,"Senate: 1973-1977 | House: 1965-1973"
"Senator Udall, Mark",https://www.congress.gov/member/mark-udall/U000038,Colorado,,Democratic,"Senate: 2009-2015 | House: 1999-2009"
"Senator Udall, Tom",https://www.congress.gov/member/tom-udall/U000039,"New Mexico",,Democratic,"Senate: 2009-Present | House: 1999-2009"
"Senator Van Hollen, Chris",https://www.congress.gov/member/chris-van-hollen/V000128,Maryland,,Democratic,"Senate: 2017-Present | House: 2003-2017"
"Senator Vitter, David",https://www.congress.gov/member/david-vitter/V000127,Louisiana,,Republican,"Senate: 2005-2017 | House: 1999-2005"
"Senator Voinovich, George V.",https://www.congress.gov/member/george-voinovich/V000126,Ohio,,Republican,"Senate: 1999-2011"
"Senator Wallop, Malcolm",https://www.congress.gov/member/malcolm-wallop/W000092,Wyoming,,Republican,"Senate: 1977-1995"
"Senator Walsh, John E.",https://www.congress.gov/member/john-walsh/W000818,Montana,,Democratic,"Senate: 2014-2015"
"Senator Warner, John",https://www.congress.gov/member/john-warner/W000154,Virginia,,Republican,"Senate: 1979-2009"
"Senator Warner, Mark R.",https://www.congress.gov/member/mark-warner/W000805,Virginia,,Democratic,"Senate: 2009-Present"
"Senator Warren, Elizabeth",https://www.congress.gov/member/elizabeth-warren/W000817,Massachusetts,,Democratic,"Senate: 2013-Present"
"Senator Webb, Jim",https://www.congress.gov/member/james-webb/W000803,Virginia,,Democratic,"Senate: 2007-2013"
"Senator Weicker, Lowell P., Jr.",https://www.congress.gov/member/lowell-weicker/W000253,Connecticut,,Republican,"Senate: 1973-1989 | House: 1969-1971"
"Senator Wellstone, Paul D.",https://www.congress.gov/member/paul-wellstone/W000288,Minnesota,,Democratic,"Senate: 1991-2002"
"Senator Whitehouse, Sheldon",https://www.congress.gov/member/sheldon-whitehouse/W000802,"Rhode Island",,Democratic,"Senate: 2007-Present"
"Senator Wicker, Roger F.",https://www.congress.gov/member/roger-wicker/W000437,Mississippi,,Republican,"Senate: 2007-Present | House: 1995-2007"
"Senator Williams, Harrison A., Jr.",https://www.congress.gov/member/harrison-williams/W000502,"New Jersey",,Democratic,"Senate: 1959-1982 | House: 1953-1957"
"Senator Wilson, Pete",https://www.congress.gov/member/pete-wilson/W000607,California,,Republican,"Senate: 1983-1993"
"Senator Wirth, Timothy",https://www.congress.gov/member/timothy-wirth/W000647,Colorado,,Democratic,"Senate: 1987-1993 | House: 1975-1987"
"Senator Wofford, Harris",https://www.congress.gov/member/harris-wofford/W000665,Pennsylvania,,Democratic,"Senate: 1991-1995"
"Senator Wyden, Ron",https://www.congress.gov/member/ron-wyden/W000779,Oregon,,Democratic,"Senate: 1996-Present | House: 1981-1996"
"Senator Wyman, Louis C.",https://www.congress.gov/member/louis-wyman/W000782,"New Hampshire",,Republican,"Senate: 1974-1975 | House: 1963-1965, 1967-1974"
"Senator Young, Milton R.",https://www.congress.gov/member/milton-young/Y000047,"North Dakota",,Republican,"Senate: 1945-1981"
"Senator Young, Todd",https://www.congress.gov/member/todd-young/Y000064,Indiana,,Republican,"Senate: 2017-Present | House: 2011-2017"
"Senator Zorinsky, Edward",https://www.congress.gov/member/edward-zorinsky/Z000013,Nebraska,,Democratic,"Senate: 1977-1989"
