"uri","date","title","uin"
"http://data.parliament.uk/resources/692261","2017-02-21","Draft Housing and Planning Act 2016 (Permission in Principle etc) (Miscellaneous Amendments) (England) Regulations 2017","CD:2017-02-21:231"
"http://data.parliament.uk/resources/686587","2017-02-08","Draft Important Public Services (Education) Regulations 2017","CD:2017-02-08:212"
"http://data.parliament.uk/resources/686588","2017-02-08","Draft Important Public Sevices (Transport) Regulations 2017","CD:2017-02-08:213"
"http://data.parliament.uk/resources/686589","2017-02-08","Draft Important Public Services (Health) Regulations 2017","CD:2017-02-08:214"
"http://data.parliament.uk/resources/686590","2017-02-08","Draft Important Public Sevices (Border Security) Regulations 2017","CD:2017-02-08:215"
"http://data.parliament.uk/resources/686591","2017-02-08","Draft Important Public Services (Fire) Regulations 2017","CD:2017-02-08:216"
"http://data.parliament.uk/resources/686592","2017-02-08","Draft Trade Union Act 2016 (Political Funds) (Transition Period) Regulations 2017","CD:2017-02-08:217"
"http://data.parliament.uk/resources/686593","2017-02-08","Comprehensive Economic Trade Agreement (CETA) between the EU and Canada","CD:2017-02-08:218"
"http://data.parliament.uk/resources/686610","2017-02-08","European Union (Notification of Withdrawal) Bill: Committee of the whole House New Clause 2","CD:2017-02-08:219"
"http://data.parliament.uk/resources/686611","2017-02-08","European Union (Notification of Withdrawal) Bill: Committee of the whole House New Clause 7","CD:2017-02-08:220"
"http://data.parliament.uk/resources/686613","2017-02-08","European Union (Notification of Withdrawal) Bill: Committee of the whole House Amdt 29","CD:2017-02-08:221"
"http://data.parliament.uk/resources/686614","2017-02-08","European Union (Notification of Withdrawal) Bill: Committee of the whole House Amdt 11","CD:2017-02-08:222"
"http://data.parliament.uk/resources/686617","2017-02-08","European Union (Notification of Withdrawal) Bill: Committee of the whole House Amdt 43","CD:2017-02-08:223"
"http://data.parliament.uk/resources/686619","2017-02-08","European Union (Notification of Withdrawal) Bill: Committee of the whole House Amdt 86","CD:2017-02-08:224"
"http://data.parliament.uk/resources/686620","2017-02-08","European Union (Notification of Withdrawal) Bill: Committee of the whole House Clauses 1 and 2 stand part","CD:2017-02-08:225"
"http://data.parliament.uk/resources/686623","2017-02-08","European Union (Notification of Withdrawal) Bill: Committee of the whole House New Clause 57","CD:2017-02-08:226"
"http://data.parliament.uk/resources/686644","2017-02-08","European Union (Notification of Withdrawal) Bill: Committee of the whole House New Clause 192","CD:2017-02-08:227"
"http://data.parliament.uk/resources/686645","2017-02-08","European Union (Notification of Withdrawal) Bill: Third Reading","CD:2017-02-08:228"
"http://data.parliament.uk/resources/685695","2017-02-07","EU (Notification of Withdrawal) Bill Committee of the whole House: New Clause 110","CD:2017-02-07:204"
"http://data.parliament.uk/resources/685703","2017-02-07","EU (Notification of Withdrawal) Bill Committee of the whole House: New Clause 180","CD:2017-02-07:209"
"http://data.parliament.uk/resources/685768","2017-02-07","EU (Notification of Withdrawal) Bill Committee of the whole House: New Clause 5","CD:2017-02-07:210"
"http://data.parliament.uk/resources/685795","2017-02-07","EU (Notification of Withdrawal) Bill Committee of the whole House: New Clause 143","CD:2017-02-07:211"
"http://data.parliament.uk/resources/685669","2017-02-06","EU (Notification of Withdrawal) Bill: Committee of the whole House New Clause 3","CD:2017-02-06:206"
"http://data.parliament.uk/resources/685670","2017-02-06","EU (Notification of Withdrawal) Bill Committee: New Clause 4","CD:2017-02-06:205"
"http://data.parliament.uk/resources/685671","2017-02-06","EU (Notification of Withdrawal) Bill: Committee of the whole House New Clause 26","CD:2017-02-06:207"
"http://data.parliament.uk/resources/685672","2017-02-06","EU (Notification of Withdrawal) Bill Committee of the whole House: New Clause 158","CD:2017-02-06:208"
"http://data.parliament.uk/resources/682569","2017-02-01","European Union (Notification Etc.) Bill: Second Reading - Mr Robertson's Amendment","CD:2017-02-01:201"
"http://data.parliament.uk/resources/682570","2017-02-01","European Union (Notification of Withdrawal) Bill: Second Reading","CD:2017-02-01:202"
"http://data.parliament.uk/resources/682576","2017-02-01","European Union (Notification of Withdrawal) Bill: Programme","CD:2017-02-01:203"
"http://data.parliament.uk/resources/678297","2017-01-25","Opposition Motion: Prisons","CD:2017-01-25:199"
"http://data.parliament.uk/resources/678298","2017-01-25","Draft Bank of England and Financial Services (Consequential Amendments) Regulations 2017","CD:2017-01-25:198"
"http://data.parliament.uk/resources/678341","2017-01-25","Opposition Motion: School Funding","CD:2017-01-25:200"
"http://data.parliament.uk/resources/677697","2017-01-24","Ten Minute Rule Motion: Industrial Action (Protection of Critical National Services)","CD:2017-01-24:195"
"http://data.parliament.uk/resources/677700","2017-01-24","Wales Bill: Lords Amendment 36 - Amdt (a)","CD:2017-01-24:196"
"http://data.parliament.uk/resources/677755","2017-01-24","Charter for Budget Responsibility","CD:2017-01-24:197"
"http://data.parliament.uk/resources/675977","2017-01-20","Motion to sit in private","CD:2017-01-20:194"
"http://data.parliament.uk/resources/674601","2017-01-18","Draft Combined Authorities (Mayoral Elections) Order 2017","CD:2017-01-18:193"
"http://data.parliament.uk/resources/673844","2017-01-17","Opposition Motion: Effect of the UK leaving the EU on the rural economy","CD:2017-01-17:190"
"http://data.parliament.uk/resources/673874","2017-01-17","Opposition Motion: DWP policies and low-income households","CD:2017-01-17:191"
"http://data.parliament.uk/resources/673875","2017-01-17","Opposition Motion: DWP policies and low-income households--Prime Minister Amendment","CD:2017-01-17:192"
"http://data.parliament.uk/resources/671450","2017-01-11","Opposition Motion: NHS and social care funding","CD:2017-01-11:189"
"http://data.parliament.uk/resources/670447","2017-01-10","Commonwealth Development Corporation Bill: Report Stage New Clause 1","CD:2017-01-10:184"
"http://data.parliament.uk/resources/670448","2017-01-10","Commonwealth Development Corporation Bill: Report Stage Amdt 3","CD:2017-01-10:185"
"http://data.parliament.uk/resources/670508","2017-01-10","Policing and Crime Bill: Lords Amendment 24 Motion to disagree","CD:2017-01-10:186"
"http://data.parliament.uk/resources/670510","2017-01-10","Policing and Crime Bill: Lords Amendment 96 Motion to disagree","CD:2017-01-10:187"
"http://data.parliament.uk/resources/670534","2017-01-10","Policing and Crime Bill: Lords Amendment 136 Motion to disagree","CD:2017-01-10:188"
"http://data.parliament.uk/resources/669733","2017-01-09","Technical and Further Education Bill: Report Stage New Clause 4","CD:2017-01-09:182"
"http://data.parliament.uk/resources/669796","2017-01-09","Technical and Further Education Bill: Report Stage Amendment 22","CD:2017-01-09:183"
"http://data.parliament.uk/resources/660075","2016-12-16","Preventing and Combating Violence against Women and Domestic Violence (Ratification of Convention) Bill: Second Reading Closure Motion","CD:2016-12-16:180"
"http://data.parliament.uk/resources/660076","2016-12-16","Preventing and Combating Violence against Women and Domestic Violence (Ratification of Convention) Bill: Second Reading","CD:2016-12-16:181"
"http://data.parliament.uk/resources/658123","2016-12-14","Deferred division: Financial Services and Markets","CD:2016-12-14:177"
"http://data.parliament.uk/resources/658125","2016-12-14","Opposition Motion: Effect on equality of the Autumn Statement 2016","CD:2016-12-14:178"
"http://data.parliament.uk/resources/658169","2016-12-14","Opposition Motion: Homelessness","CD:2016-12-14:179"
"http://data.parliament.uk/resources/657539","2016-12-13","Neighbourhood Planning Bill Report Stage Amendment 14","CD:2016-12-13:176"
"http://data.parliament.uk/resources/657541","2016-12-13","Neighbourhood Planning Bill Report Stage New Clause 9","CD:2016-12-13:175"
"http://data.parliament.uk/resources/656665","2016-12-12","Savings (Government Contributions) Bill: Report Stage New Clause 2","CD:2016-12-12:171"
"http://data.parliament.uk/resources/656666","2016-12-12","Savings (Government Contributions) Bill Report Stage Amendment 15","CD:2016-12-12:172"
"http://data.parliament.uk/resources/656668","2016-12-12","Savings (Government Contributions) Bill Report Stage Amendment 2","CD:2016-12-12:173"
"http://data.parliament.uk/resources/656688","2016-12-12","Draft Coasting Schools (England) Regulations","CD:2016-12-12:174"
"http://data.parliament.uk/resources/653644","2016-12-07","Opposition Motion: The Government's plan for Brexit (Prime Minister's Amdt)","CD:2016-12-07:169"
"http://data.parliament.uk/resources/653645","2016-12-07","Opposition motion: The Government's plan for Brexit motion as amended","CD:2016-12-07:170"
"http://data.parliament.uk/resources/649312","2016-12-01","Acceleration of the state pension age for women born in the 1950s","CD:2016-12-01:168"
"http://data.parliament.uk/resources/648344","2016-11-30","Opposition Motion: Chilcot Inquiry and parliamentary accountability","CD:2016-11-30:166"
"http://data.parliament.uk/resources/648387","2016-11-30","Opposition Motion: Effect of the increase in the state pension age on women born in the 1950s","CD:2016-11-30:167"
"http://data.parliament.uk/resources/646361","2016-11-28","Digital Economy Bill: Report Stage New Clause 10","CD:2016-11-28:163"
"http://data.parliament.uk/resources/646362","2016-11-28","Digital Economy Bill: Report Stage New Clause 27","CD:2016-11-28:164"
"http://data.parliament.uk/resources/646440","2016-11-28","Digital Economy Bill: Report Stage New Clause 8","CD:2016-11-28:165"
"http://data.parliament.uk/resources/641464","2016-11-22","Opposition Motion: Education and Social Mobility","CD:2016-11-22:161"
"http://data.parliament.uk/resources/641522","2016-11-22","Opposition Motion: National Health Service Funding","CD:2016-11-22:162"
"http://data.parliament.uk/resources/640531","2016-11-21","Higher Education and Research Bill: Report Stage New Clause 2","CD:2016-11-21:154"
"http://data.parliament.uk/resources/640533","2016-11-21","Higher Education and Research Bill: Report Stage New Clause 5","CD:2016-11-21:155"
"http://data.parliament.uk/resources/640544","2016-11-21","Higher Education and Research Bill: Report Stage New Clause 14","CD:2016-11-21:156"
"http://data.parliament.uk/resources/640564","2016-11-21","Higher Education and Research Bill: Report Stage Amendment 40","CD:2016-11-21:158"
"http://data.parliament.uk/resources/640593","2016-11-21","Higher Education and Research Bill: Report Stage Amendment 56","CD:2016-11-21:159"
"http://data.parliament.uk/resources/640631","2016-11-21","Higher Education and Research Bill: Report Stage Amendment 47","CD:2016-11-21:157"
"http://data.parliament.uk/resources/640712","2016-11-21","Higher Education and Research Bill: Third Reading","CD:2016-11-21:160"
"http://data.parliament.uk/resources/638486","2016-11-18","Closure Motion: Parliamentary Constituencies (Amendment) Bill second reading ","CD:2016-11-18:152"
"http://data.parliament.uk/resources/638488","2016-11-18","Parliamentary Constituencies (Amendment) Bill: Second Reading","CD:2016-11-18:153"
"http://data.parliament.uk/resources/641518","2016-11-17","Reductions to Employment and Support Allowance and universal credit","CD:2016-11-17:151"
"http://data.parliament.uk/resources/637405","2016-11-16","Opposition Motion: Autumn Statement distributional analysis, universal credit and ESA","CD:2016-11-16:149"
"http://data.parliament.uk/resources/637445","2016-11-16","Opposition Motion: social care","CD:2016-11-16:150"
"http://data.parliament.uk/resources/636353","2016-11-15","Investigatory Powers Bill  Lords Amendments 15B, 15C, 338B, 339B and 339C, motion to disagree","CD:2016-11-15:145"
"http://data.parliament.uk/resources/636356","2016-11-15","Small Charitable Donations etc Bill Report Stage New Clause 3","CD:2016-11-15:146"
"http://data.parliament.uk/resources/636357","2016-11-15","Small Charitable Donations etc Bill Report Stage New Clause 4","CD:2016-11-15:147"
"http://data.parliament.uk/resources/636408","2016-11-15","Small Charitable Donations Etc Bill: Report Stage Amdt 1","CD:2016-11-15:148"
"http://data.parliament.uk/resources/628911","2016-11-04","Motion to sit in private","CD:2016-11-04:144"
"http://data.parliament.uk/resources/626911","2016-11-02","Opposition Motion: Community Pharmacies","CD:2016-11-02:142"
"http://data.parliament.uk/resources/626953","2016-11-02","Opposition Motion: Police Officer Safety","CD:2016-11-02:143"
"http://data.parliament.uk/resources/626202","2016-11-01","Investigatory Powers Bill: Lords Amendment 15 Motion to disagree","CD:2016-11-01:141"
"http://data.parliament.uk/resources/625354","2016-10-31","Justice Committee: Motion To Nominate","CD:2016-10-31:140"
"http://data.parliament.uk/resources/621252","2016-10-26","Opposition Motion: Yemen","CD:2016-10-26:139"
"http://data.parliament.uk/resources/607490","2016-10-21","Closure Motion: Sexual Offences (Pardons Etc.) Bill second reading","CD:2016-10-21:138"
"http://data.parliament.uk/resources/605580","2016-10-19","Opposition motion: Rights of EU nationals","CD:2016-10-19:136"
"http://data.parliament.uk/resources/605620","2016-10-19","Opposition Motion: House of Lords reform and the size of the House of Commons","CD:2016-10-19:137"
"http://data.parliament.uk/resources/604276","2016-10-18","Broadcasting Amdt (a)","CD:2016-10-18:135"
"http://data.parliament.uk/resources/582791","2016-09-14","Ten Minute Rule Motion: European Union (UK Withdrawal From Membership)","CD:2016-09-14:132"
"http://data.parliament.uk/resources/582795","2016-09-14","Draft West Midlands Combined Authority (Election of Mayor) Order 2016","CD:2016-09-14:133"
"http://data.parliament.uk/resources/582798","2016-09-14","Opposition Motion: NHS sustainabiliy and transformation plans","CD:2016-09-14:134"
"http://data.parliament.uk/resources/581281","2016-09-12","Wales Bill: Report Stage Amdt 60","CD:2016-09-12:129"
"http://data.parliament.uk/resources/581521","2016-09-12","Wales Bill: Report Stage New Clause 3","CD:2016-09-12:130"
"http://data.parliament.uk/resources/581559","2016-09-12","Wales Bill: Report Stage New Clause 6","CD:2016-09-12:131"
"http://data.parliament.uk/resources/576587","2016-09-06","Finance Bill: Report Stage Amdt 174","CD:2016-09-06:125"
"http://data.parliament.uk/resources/576591","2016-09-06","Finance Bill: Report Stage New Clause 8","CD:2016-09-06:126"
"http://data.parliament.uk/resources/576592","2016-09-06","Finance Bill: Report Stage New Clause 15","CD:2016-09-06:127"
"http://data.parliament.uk/resources/576630","2016-09-06","Finance Bill: Third Reading","CD:2016-09-06:128"
"http://data.parliament.uk/resources/575629","2016-09-05","Finance Bill: Report Stage New Clause 5","CD:2016-09-05:120"
"http://data.parliament.uk/resources/575630","2016-09-05","Finance Bill: Report Stage Amdt 162 ","CD:2016-09-05:121"
"http://data.parliament.uk/resources/576210","2016-09-05","Finance Bill Report Stage New Clause 7","CD:2016-09-05:122"
"http://data.parliament.uk/resources/576211","2016-09-05","Finance Bill Report Stage New Clause 13","CD:2016-09-05:123"
"http://data.parliament.uk/resources/576346","2016-09-05","Finance Bill Report Stage Amdt 144","CD:2016-09-05:124"
"http://data.parliament.uk/resources/540627","2016-07-20","Ten Minute Rule Motion: Electoral Reform (Proportional Representation and Reduction of Voting Age)","CD:2016-07-20:117"
"http://data.parliament.uk/resources/540628","2016-07-20","Atomic Energy and Radioactive Substances","CD:2016-07-20:115"
"http://data.parliament.uk/resources/540629","2016-07-20","Climate Change","CD:2016-07-20:116"
"http://data.parliament.uk/resources/540630","2016-07-20","Opposition Motion: Supported Housing Benefit","CD:2016-07-20:118"
"http://data.parliament.uk/resources/540635","2016-07-20","Opposition Motion: Charter for Budget Responsibility","CD:2016-07-20:119"
"http://data.parliament.uk/resources/539858","2016-07-19","Higher Education and Research Bill: Second Reading","CD:2016-07-19:114"
"http://data.parliament.uk/resources/539282","2016-07-18","UK's Nuclear Deterrent","CD:2016-07-18:113"
"http://data.parliament.uk/resources/535663","2016-07-13","Independent Parliamentary Standards Authority","CD:2016-07-13:112"
"http://data.parliament.uk/resources/535367","2016-07-12","Opposition Day: EU Referendum: Energy and Environment","CD:2016-07-12:109"
"http://data.parliament.uk/resources/535427","2016-07-12","Opposition Day: SATs Results","CD:2016-07-12:110"
"http://data.parliament.uk/resources/535428","2016-07-12","Senior Courts of England and Wales","CD:2016-07-12:111"
"http://data.parliament.uk/resources/535009","2016-07-11","Wales Bill (Committee): Amendment 83","CD:2016-07-11:104"
"http://data.parliament.uk/resources/535011","2016-07-11","Wales Bill (committee): Amendment 123","CD:2016-07-11:105"
"http://data.parliament.uk/resources/535091","2016-07-11","Wales Bill (committee): Amendment 74","CD:2016-07-11:106"
"http://data.parliament.uk/resources/535093","2016-07-11","Wales Bill (committee): Amendment 81","CD:2016-07-11:107"
"http://data.parliament.uk/resources/535094","2016-07-11","Wales Bill (committee): NC 2","CD:2016-07-11:108"
"http://data.parliament.uk/resources/533158","2016-07-06","Opposition Motion: EU Nationals in the UK","CD:2016-07-06:103"
"http://data.parliament.uk/resources/532624","2016-07-05","Wales Bill Committee Amdt 5","CD:2016-07-05:98"
"http://data.parliament.uk/resources/532625","2016-07-05","Wales Bill Committee Amdt 7","CD:2016-07-05:99"
"http://data.parliament.uk/resources/532681","2016-07-05","Wales Bill Committee Clause 10 Stand Part","CD:2016-07-05:100"
"http://data.parliament.uk/resources/532682","2016-07-05","Wales Bill Committee Amdt 11","CD:2016-07-05:101"
"http://data.parliament.uk/resources/532684","2016-07-05","Wales Bill Committee Clause 16 Stand Part","CD:2016-07-05:102"
"http://data.parliament.uk/resources/532318","2016-07-04","Estimates (Ministry of Justice)","CD:2016-07-04:97"
"http://data.parliament.uk/resources/528997","2016-06-28","Finance Bill: committee: Amendment 1","CD:2016-06-28:92"
"http://data.parliament.uk/resources/528998","2016-06-28","Finance Bill: committee: New Clause 9","CD:2016-06-28:93"
"http://data.parliament.uk/resources/529002","2016-06-28","Finance Bill: committee: Clause 42 stand part","CD:2016-06-28:94"
"http://data.parliament.uk/resources/529003","2016-06-28","Finance Bill: committee: Clause 72 stand part ","CD:2016-06-28:95"
"http://data.parliament.uk/resources/529004","2016-06-28"," Finance Bill: committee: New Clause 2","CD:2016-06-28:96"
"http://data.parliament.uk/resources/528761","2016-06-27","Finance Bill: committee: Amendment 2","CD:2016-06-27:89"
"http://data.parliament.uk/resources/528763","2016-06-27","Finance Bill: New Clause 1","CD:2016-06-27:90"
"http://data.parliament.uk/resources/528766","2016-06-27","Finance Bill: committee: Amendment 183","CD:2016-06-27:91"
"http://data.parliament.uk/resources/525196","2016-06-15","Local Government Statutory Instrument","CD:2016-06-15:87"
"http://data.parliament.uk/resources/525202","2016-06-15","Opposition Day: EU Membership","CD:2016-06-15:88"
"http://data.parliament.uk/resources/524550","2016-06-13","Policing and Crime Bill Report Stage: New Clause 63","CD:2016-06-13:83"
"http://data.parliament.uk/resources/524551","2016-06-13","Policing and Crime Bill Report Stage: New Clause 64","CD:2016-06-13:84"
"http://data.parliament.uk/resources/524571","2016-06-13","Policing and Crime Bill Report Stage: New Clause 2","CD:2016-06-13:85"
"http://data.parliament.uk/resources/524572","2016-06-13","Policing and Crime Bill Report Stage: New Clause 60","CD:2016-06-13:86"
"http://data.parliament.uk/resources/523767","2016-06-08","Opposition Day: BBC White Paper","CD:2016-06-08:81"
"http://data.parliament.uk/resources/523811","2016-06-08","Opposition Day: Disability Employment Gap","CD:2016-06-08:82"
"http://data.parliament.uk/resources/523254","2016-06-07","Investigatory Powers Bill Report Stage: Amdt 390","CD:2016-06-07:77"
"http://data.parliament.uk/resources/523256","2016-06-07","Investigatory Powers Bill Report Stage: Amdt. 320","CD:2016-06-07:78"
"http://data.parliament.uk/resources/523292","2016-06-07","Investigatory Powers Bill Report Stage: Amdt 3","CD:2016-06-07:79"
"http://data.parliament.uk/resources/523300","2016-06-07","Investigatory Powers Bill Third Reading","CD:2016-06-07:80"
"http://data.parliament.uk/resources/522821","2016-06-06","Investigatory Powers Bill: Report: NC1","CD:2016-06-06:72"
"http://data.parliament.uk/resources/522822","2016-06-06","Invesigatory Powers Bill: Report: Amendment 465","CD:2016-06-06:73"
"http://data.parliament.uk/resources/522823","2016-06-06","Investigatory Powers Bill: Report: Amendment 482","CD:2016-06-06:74"
"http://data.parliament.uk/resources/522937","2016-06-06","Investigatory Powers Bill: Report: Amendment 267","CD:2016-06-06:75"
"http://data.parliament.uk/resources/522938","2016-06-06","Investigatory Powers Bill: Report: Amendment 312","CD:2016-06-06:76"
"http://data.parliament.uk/resources/521793","2016-05-26","Queen's Speech, Economy and Work, Amendment e (J Corbyn)","CD:2016-05-26:69"
"http://data.parliament.uk/resources/521794","2016-05-26","Queen's Speech, Economy and Work, Amendment d (A Robertson)","CD:2016-05-26:70"
"http://data.parliament.uk/resources/521795","2016-05-26","Queen's Speech, main question as amended","CD:2016-05-26:71"
"http://data.parliament.uk/resources/521760","2016-05-25","Queen's Speech - Jeremy Corbyn's amendment","CD:2016-05-25:68"
"http://data.parliament.uk/resources/518516","2016-05-11","Housing and Planning Bill: Lords Amdt 47E - Motion to disagree","CD:2016-05-11:67"
"http://data.parliament.uk/resources/518064","2016-05-09","Energy Bill - Lords Amendment 7TB - Government Motion to disagree","CD:2016-05-09:62"
"http://data.parliament.uk/resources/518094","2016-05-09","Housing and Planning Bill Lords Amdt 10B: Motion to disagree","CD:2016-05-09:63"
"http://data.parliament.uk/resources/518119","2016-05-09","Housing and Planning Bill Lords Amdt 47B & 47C: Motion to disagree","CD:2016-05-09:64"
"http://data.parliament.uk/resources/518127","2016-05-09","Housing and Planning Bill: Lords Amdt 108: Govt (a) in Lieu","CD:2016-05-09:65"
"http://data.parliament.uk/resources/518128","2016-05-09","Immigration Bill Lords Amendment 85: motion to agree with amendments","CD:2016-05-09:66"
"http://data.parliament.uk/resources/517278","2016-05-04","Opposition Day: NHS Bursaries","CD:2016-05-04:61"
"http://data.parliament.uk/resources/516942","2016-05-03","Housing and Planning Bill Lords Amendment 9: Motion to disagree","CD:2016-05-03:56"
"http://data.parliament.uk/resources/516948","2016-05-03","Housing and Planning Bill Lords Amendment 47: Motion to disagree","CD:2016-05-03:57"
"http://data.parliament.uk/resources/516949","2016-05-03","Housing and Planning Bill Lords Amendment 54: Motion to disagree","CD:2016-05-03:58"
"http://data.parliament.uk/resources/516981","2016-05-03","Housing and Planning Bill Lords Amdt 108: Motion to disagree","CD:2016-05-03:59"
"http://data.parliament.uk/resources/517021","2016-05-03","Housing and Planning Bill Lords Amdt 110: Motion to disagree","CD:2016-05-03:60"
"http://data.parliament.uk/resources/516016","2016-04-27","Trade Union Bill Lords Amendment 2: Govt Amdt (a)","CD:2016-04-27:54"
"http://data.parliament.uk/resources/516017","2016-04-27","Trade Union Bill Lords Amdt 17: Motion to Disagree","CD:2016-04-27:55"
"http://data.parliament.uk/resources/515588","2016-04-26","Policing and Crime Blll Report Stage: Amdt. 3","CD:2016-04-26:49"
"http://data.parliament.uk/resources/515591","2016-04-26","Policing and Crime Bill Report Stage: Amdt 20","CD:2016-04-26:50"
"http://data.parliament.uk/resources/515592","2016-04-26","Policing and Crime Bill Report Stage: Amdt 6","CD:2016-04-26:51"
"http://data.parliament.uk/resources/515603","2016-04-26","Policing and Crime Bill Report Stage: Amdt 13","CD:2016-04-26:52"
"http://data.parliament.uk/resources/515604","2016-04-26","Policing and Crime Bill Report Stage: Amdt 10","CD:2016-04-26:53"
"http://data.parliament.uk/resources/515179","2016-04-25","Immigration Bill Lords Amdt 87: Motion to disagree","CD:2016-04-25:44"
"http://data.parliament.uk/resources/515180","2016-04-25","Immigration Bill Lords Amdt 60: Motion to disagree","CD:2016-04-25:45"
"http://data.parliament.uk/resources/515181","2016-04-25","Immigration Bill Lords Amdt 84: Motion to disagree","CD:2016-04-25:46"
"http://data.parliament.uk/resources/515182","2016-04-25","Immigration Bill Lords Amendment 85: Motion to disagree","CD:2016-04-25:47"
"http://data.parliament.uk/resources/515183","2016-04-25","Immigration Bill Lords Amendment 59: Motion to disagree","CD:2016-04-25:48"
"http://data.parliament.uk/resources/514184","2016-04-20","Energy Bill: Lords amendment 7T ","CD:2016-04-20:41"
"http://data.parliament.uk/resources/514196","2016-04-20","Daesh: Genocide of Minorities","CD:2016-04-20:42"
"http://data.parliament.uk/resources/514238","2016-04-20","Record Copies of Act","CD:2016-04-20:43"
"http://data.parliament.uk/resources/513792","2016-04-19","Bank of England Bill Report Stage: New Clause 2","CD:2016-04-19:36"
"http://data.parliament.uk/resources/513799","2016-04-19","Bank of England Bill Report Stage: New Clause 14","CD:2016-04-19:37"
"http://data.parliament.uk/resources/513800","2016-04-19","Bank of England Bill Report Stage: Amdt 8","CD:2016-04-19:38"
"http://data.parliament.uk/resources/513801","2016-04-19","Bank of England Bill Report Stage: Amdt 4","CD:2016-04-19:39"
"http://data.parliament.uk/resources/513802","2016-04-19","Bank of England and Financial Services (Third Reading) Bill","CD:2016-04-19:40"
"http://data.parliament.uk/resources/511672","2016-04-13","Employment Agencies, Etc.","CD:2016-04-13:32"
"http://data.parliament.uk/resources/511673","2016-04-13","Opposition Day: Tax avoidance and evasion","CD:2016-04-13:33"
"http://data.parliament.uk/resources/511680","2016-04-13","Opposition Day Motion - Schools White Paper: Prime Ministers Amendment","CD:2016-04-13:34"
"http://data.parliament.uk/resources/511681","2016-04-13","Opposition Day - Schools White Paper Main question, as amended","CD:2016-04-13:35"
"http://data.parliament.uk/resources/509950","2016-04-11","Finance (no. 2) Bill Second Reading","CD:2016-04-11:31"
"http://data.parliament.uk/resources/486079","2016-03-23","HS2: report stage: NC 20","CD:2016-03-23:26"
"http://data.parliament.uk/resources/486080","2016-03-23","HS2: report stage: NC 8","CD:2016-03-23:27"
"http://data.parliament.uk/resources/486081","2016-03-23","High Speed Rail Bill Report Stage: New Clause 22","CD:2016-03-23:28"
"http://data.parliament.uk/resources/486082","2016-03-23","Public Service Pensions","CD:2016-03-23:25"
"http://data.parliament.uk/resources/486083","2016-03-23","HS2: report stage: Third Reading","CD:2016-03-23:29"
"http://data.parliament.uk/resources/486084","2016-03-23","Electricity","CD:2016-03-23:24"
"http://data.parliament.uk/resources/486085","2016-03-23","s5 European Communities (Amendment) Act 1993","CD:2016-03-23:30"
"http://data.parliament.uk/resources/486075","2016-03-22","Budget Resolutions: Amendment of the Law","CD:2016-03-22:19"
"http://data.parliament.uk/resources/486076","2016-03-22","Budget Resolutions: Motion 8","CD:2016-03-22:20"
"http://data.parliament.uk/resources/486077","2016-03-22","Budget Motion 38: Capital Gains Tax","CD:2016-03-22:21"
"http://data.parliament.uk/resources/486078","2016-03-22","Budget Resolution Motion 56: Insurance Premium Tax","CD:2016-03-22:22"
"http://data.parliament.uk/resources/486086","2016-03-22","Procedure: Future Taxation (Landfill Tax)","CD:2016-03-22:23"
"http://data.parliament.uk/resources/486074","2016-03-15","INVESTIGATORY POWERS BILL: SECOND READING","CD:2016-03-15:18"
"http://data.parliament.uk/resources/483354","2016-03-14","Energy Bill: amendment 8","CD:2016-03-14:13"
"http://data.parliament.uk/resources/483355","2016-03-14","Energy Bill (Lords) Report Stage: New Clause 3","CD:2016-03-14:14"
"http://data.parliament.uk/resources/483356","2016-03-14","Energy Bill (Lords) Report Stage: New Clause 8","CD:2016-03-14:15"
"http://data.parliament.uk/resources/486071","2016-03-14","Energy Bill (Lord) Report Stage: New Clause 10","CD:2016-03-14:16"
"http://data.parliament.uk/resources/486072","2016-03-14","Energy Bill: amendment 24","CD:2016-03-14:12"
"http://data.parliament.uk/resources/486073","2016-03-14","Tax Credits SI","CD:2016-03-14:17"
"http://data.parliament.uk/resources/483353","2016-03-09","Immigration (Affirmative SI)","CD:2016-03-09:2"
"http://data.parliament.uk/resources/229689","2015-03-26","Elections for positions in the House. Motion made and Question put That this House notes the recommendation of the Procedure Committee in its Fifth Report of Session 2010–12, 2010 Elections for positions in the House [see V&P]. Q acc negatived.","CD:2015-03-26:188"
"http://data.parliament.uk/resources/229684","2015-03-25","Statutory Instruments: Motion for Approval. That the draft Infrastructure Planning (Radioactive Waste Geological Disposal Facilities) Order 2015, which was laid before this House on 12 January, be approved. Q acc agreed to.","CD:2015-03-25:183"
"http://data.parliament.uk/resources/229685","2015-03-25","Finance (No. 2) Bill: Committee of the whole House: New Clause NC1 brought up, and read the first time. Question put, That the Clause be read a second time. Q acc negatived.","CD:2015-03-25:184"
"http://data.parliament.uk/resources/229686","2015-03-25","
Finance (No. 2) Bill: Committee of the whole House. Amendment 1 proposed. Question put, That the Amendment be made. Q acc negatived.","CD:2015-03-25:185"
"http://data.parliament.uk/resources/229687","2015-03-25","Finance (No. 2) Bill: Committee of the whole House. Amendment 2 proposed. Question put, That the Amendment be made. Q acc negatived.","CD:2015-03-25:186"
"http://data.parliament.uk/resources/229688","2015-03-25","Finance (No. 2) Bill: Third Reading. Question put, That the Bill be read the third time. Q acc agreed to.","CD:2015-03-25:187"
"http://data.parliament.uk/resources/229683","2015-03-24","Section 5 of the European Communities (Amendment) Act 1993: Motion made and Question put, That this House approves the Government’s assessment as set out in Budget 2015 and Autumn Statement 2014. Q acc agreed to.","CD:2015-03-24:182"
"http://data.parliament.uk/resources/229680","2015-03-23","Budget resolutions and economic situation. Q acc agreed to.","CD:2015-03-23:179"
"http://data.parliament.uk/resources/229681","2015-03-23","Budget resolutions and economic situation: Income tax (charge and main rates.) Q acc agreed to.","CD:2015-03-23:180"
"http://data.parliament.uk/resources/229682","2015-03-23","Budget Resolutions and economic situation: Corporation tax (charge and main rate for financial year 2016.) Q acc agreed to.","CD:2015-03-23:181"
"http://data.parliament.uk/resources/229270","2015-03-17","Modern Slavery Bill: Consideration of Lords Amendments. Lords Amendment 72. Motion made and Question put, That this House disagrees with the Lords in their Amendment 72. Question accordingly agreed to.","CD:2015-03-17:178"
"http://data.parliament.uk/resources/229268","2015-03-16","Transport for London Bill [Lords]: Consideration of Bill, as amended. New Clause NC1 brought up, and read the first time. Question put, That the Question be now proposed. Q acc agreed to.","CD:2015-03-16:176"
"http://data.parliament.uk/resources/229269","2015-03-16","Transport for London Bill [Lords]: Question accordingly proposed, That the new Clause be read a second time. Q acc negatived.","CD:2015-03-16:177"
"http://data.parliament.uk/resources/227632","2015-03-12","Backbench Business debate: Defence spending Motion made and Question put, That this House believes that defence spending should be set to a minimum of two per cent of GDP in accordance with the UK’s NATO commitment. Question accordingly agreed to.","CD:2015-03-12:175"
"http://data.parliament.uk/resources/227631","2015-03-11","That the draft Standardised Packaging of Tobacco Products Regulations 2015, which were laid before this House on 23 February, be approved. Question accordingly agreed to.","CD:2015-03-11:174"
"http://data.parliament.uk/resources/227630","2015-03-10","Deregulation Bill: Lords Amendment 27. Question put, That the Amendment be made. Question accordingly negatived.","CD:2015-03-10:173"
"http://data.parliament.uk/resources/227629","2015-03-09","Consumer Rights Bill: Consideration of Lords Message. Motion made and Question put, That this House agrees with the Lords in their Amendment 12J in lieu of Lords Amendment 12, to which this House has disagreed. Q acc agreed to.","CD:2015-03-09:172"
"http://data.parliament.uk/resources/226117","2015-03-06","Motion to sit in private. Jonathan Evans moved, That the House sit in private. Question put forthwith (Standing Order No. 163). Q acc negatived.","CD:2015-03-06:169"
"http://data.parliament.uk/resources/226118","2015-03-06","House of Lords (Expulsion and Suspension) Bill [Lords]: Further consideration of the Bill. Question put, That Amendment 6 be made. Q acc negatived.","CD:2015-03-06:170"
"http://data.parliament.uk/resources/226119","2015-03-06","Wind Farm Subsidies (Abolition) Bill: Second Reading. Motion made and Question put, That the Wind Farm Subsidies (Abolition) Bill be now read a second time.
Q acc negatived.","CD:2015-03-06:171"
"http://data.parliament.uk/resources/226116","2015-03-04","Opposition Day: future government spending. See V&P for details. Q acc negatived.","CD:2015-03-04:168"
"http://data.parliament.uk/resources/224537","2015-02-27","House of Lords (Expulsion and Suspension) Bill: Q put, That Amdt 1 be made. The Dep Spkr declared that the Q was not decided because fewer than forty Members had taken part in the Division, and the business stood over until the next sitting.","CD:2015-02-27:167"
"http://data.parliament.uk/resources/224546","2015-02-27","Motion to sit in private: That the House sit in private. Question put forthwith (Standing Order No. 163). Q acc negatived.","CD:2015-02-27:165"
"http://data.parliament.uk/resources/224547","2015-02-27","
House of Lords (Expulsion and Suspension) Bill [Lords]: Consideration of the Bill, not amended in the Public Bill Committee. New Clause NC3 brought up, and read the first time. Question put, That the Clause be read a second time. Q acc negatived.","CD:2015-02-27:166"
"http://data.parliament.uk/resources/224544","2015-02-25","Opposition Day:  Bankers’ bonuses and the banking industry. See V&P for full details. Q acc negatived.","CD:2015-02-25:163"
"http://data.parliament.uk/resources/224545","2015-02-25","Opposition Day: Paid directorships and consultancies and hon. Members. See V&P for full details. Q acc negatived.","CD:2015-02-25:164"
"http://data.parliament.uk/resources/224538","2015-02-23","Serious Crime Bill: That new Clause NC1 be read a second time. Q acc negatived.","CD:2015-02-23:157"
"http://data.parliament.uk/resources/224539","2015-02-23","Serious Crime Bill: That new Clause NC2 be added to the Bill. Q acc negatived.","CD:2015-02-23:158"
"http://data.parliament.uk/resources/224540","2015-02-23","Serious Crime Bill: That new Clause NC17 be added to the Bill. Q acc negatived.","CD:2015-02-23:159"
"http://data.parliament.uk/resources/224541","2015-02-23","Serious Crime Bill: That new Clause NC17 be added to the Bill. Q acc negatived.","CD:2015-02-23:160"
"http://data.parliament.uk/resources/224542","2015-02-23","Serious Crime Bill: That new Clause NC25 be added to the Bill. Q acc agreed to.","CD:2015-02-23:161"
"http://data.parliament.uk/resources/224543","2015-02-23","Serious Crime Bill: That Amendment 20 be made. Q acc negatived.","CD:2015-02-23:162"
"http://data.parliament.uk/resources/221496","2015-02-11","Statutory Instruments: Motion for Approval. That the draft Smoke-free (Private Vehicles) Regulations 2015, which were laid before this House on 17 December 2014, be approved. Q acc negatived.","CD:2015-02-11:152"
"http://data.parliament.uk/resources/221497","2015-02-11","Opposition Day: Compulsory Jobs Guarantee. See V&P for full details. Q acc negatived.","CD:2015-02-11:153"
"http://data.parliament.uk/resources/221498","2015-02-11","Opposition Day: Tax Avoidance. See V&P for full details. Q acc negatived.","CD:2015-02-11:154"
"http://data.parliament.uk/resources/221499","2015-02-11","Opposition Day: Tax Avoidance. See V&P for full details. Q acc agreed to.","CD:2015-02-11:155"
"http://data.parliament.uk/resources/221500","2015-02-11","Infrastructure Bill [Lords]: Consideration of Lords Msg. See V&P for full details. Q acc agreed to.","CD:2015-02-11:156"
"http://data.parliament.uk/resources/221494","2015-02-10","Police: Motion made and Question put, That the Police Grant Report (England and Wales) for 2015–16 (HC 930), which was laid before this House on 4 February, be approved. Q acc agreed to.","CD:2015-02-10:150"
"http://data.parliament.uk/resources/221495","2015-02-10","Local Government Finance: Motion made and Question put, That the Local Government Finance Report (England) 2015–16 (HC 1013), which was laid before this House on 3 February, be approved. Q acc agreed to.","CD:2015-02-10:151"
"http://data.parliament.uk/resources/221492","2015-02-04","Opposition Day: Apprenticeships. See V&P for full details. Q acc negatived.","CD:2015-02-04:148"
"http://data.parliament.uk/resources/221493","2015-02-04","Opposition Day: Electoral registration. See V&P for full details. Q acc negatived.","CD:2015-02-04:149"
"http://data.parliament.uk/resources/221491","2015-02-03","Human Fertilisation and Embryology. Motion made and Q put, That the draft Human Fertilisation and Embryology (Mitochondrial Donation) Regulations 2015, be approved. Question accordingly agreed to.","CD:2015-02-03:147"
"http://data.parliament.uk/resources/221489","2015-02-02","Statutory Instruments: Motions for Approval. Motion made and Question put forthwith (Standing Order No. 118(6)), That the Motor Vehicles (Variation of Speed Limits) (England and Wales) Regulations 2014, be approved. Q accordingly agreed to.","CD:2015-02-02:145"
"http://data.parliament.uk/resources/221490","2015-02-02","Motion made and Question put forthwith (Standing Order No. 118(6)), That the draft National Employment Savings Trust (Amendment) Order 2015, be approved. Q accordingly agreed to.","CD:2015-02-02:146"
"http://data.parliament.uk/resources/177239","2015-01-28","Opp. Day Debate (15th allotted day (S.O. No. 14)). Government Spending and the NHS. Motion (see V&P) made and Q. put. Q. acc. negatived.","CD:2015-01-28:143"
"http://data.parliament.uk/resources/177240","2015-01-28","Opp. Day Debate (15th allotted day (S.O. No. 14)). Sustainable Development Goals. Motion (see V&P) made and Q. put. Q. acc. negatived.","CD:2015-01-28:144"
"http://data.parliament.uk/resources/177234","2015-01-26","Infrastructure Bill [Lords]: Consideration of the Bill, as amended in PBC. That new Clause NC2 be added to the Bill (NC selected by the Spkr for separate decision) Q. acc. negatived.","CD:2015-01-26:138"
"http://data.parliament.uk/resources/177235","2015-01-26","Infrastructure Bill [Lords]: Consideration of the Bill, as amended in PBC. That new Clause NC9 be added to the Bill (NC selected by the Spkr for separate decision) Q. acc. negatived.","CD:2015-01-26:139"
"http://data.parliament.uk/resources/177236","2015-01-26","Infrastructure Bill [Lords]: Consideration of the Bill, as amended in PBC. That new Clause NC16 be added to the Bill (NC selected by the Spkr for separate decision) Q. acc. negatived.","CD:2015-01-26:140"
"http://data.parliament.uk/resources/177237","2015-01-26","Infrastructure Bill [Lords]: Consideration of the Bill, as amended in PBC. That Amendment 52 be made (Amdt. selected by the Spkr for separate decision) Q. acc. negatived.","CD:2015-01-26:141"
"http://data.parliament.uk/resources/177238","2015-01-26","Infrastructure Bill [Lords]: Consideration of the Bill, as amended in PBC. That Amendment 4 be made (Amdt. selected by the Spkr for separate decision) Q. acc. negatived.","CD:2015-01-26:142"
"http://data.parliament.uk/resources/177241","2015-01-26","Infrastructure Bill [Lords]: Consideration of the Bill, as amended in PBC. That new Clause NC1 be added to the Bill (NC selected by the Spkr for separate decision). Q. acc. negatived.","CD:2015-01-26:137"
"http://data.parliament.uk/resources/175830","2015-01-21","Onshore Wind Turbine Subsidies (Abolition): Motion made and Question put, That leave be given to bring in a Bill to provide for the prohibition of the use of public funds to subsidise the development of onshore wind turbines. Q acc agreed to.","CD:2015-01-21:134"
"http://data.parliament.uk/resources/175831","2015-01-21","
Opposition Day: National Health Service. See V&P for full details.","CD:2015-01-21:135"
"http://data.parliament.uk/resources/175829","2015-01-20","Opposition Day: Trident Renewal. That this House believes that Trident should not be renewed. Question accordingly negatived.","CD:2015-01-20:133"
"http://data.parliament.uk/resources/174570","2015-01-14","Opposition Day: Energy prices. See V&P for full details. Q acc negatived.","CD:2015-01-14:132"
"http://data.parliament.uk/resources/174567","2015-01-13","Charter for Budget Responsibility: Question put, That the Charter for Budget Responsibility: Autumn Statement 2014 update, which was laid before this House on 15 December 2014, be approved. Q acc agreed to.","CD:2015-01-13:129"
"http://data.parliament.uk/resources/174568","2015-01-13","Criminal Justice and Courts Bill: Consideration of Lords Message. See V&P for full details.","CD:2015-01-13:130"
"http://data.parliament.uk/resources/174569","2015-01-13","Criminal Justice and Courts Bill: Consideration of Lords Message. See V&P for full details.","CD:2015-01-13:131"
"http://data.parliament.uk/resources/174565","2015-01-12","Consumer Rights Bill: Question put, that Amendment 12 be made. Q acc negatived.","CD:2015-01-12:127"
"http://data.parliament.uk/resources/174566","2015-01-12","Consumer Rights Bill: Motion made and Question put, That this House disagrees with Lords Amendment 12. Q acc agreed to.","CD:2015-01-12:128"
"http://data.parliament.uk/resources/173264","2015-01-09","Question put, that the House sit in private. The Deputy Speaker declared that the Question was not decided because fewer than forty Members had taken part in the Division (Standing Order No. 41).","CD:2015-01-09:126"
"http://data.parliament.uk/resources/173261","2015-01-06","Counter Terrorism and Security Bill: Consideration of the Bill, as amended in Committee of the Whole House. New Clause 3 NC3 - Question put that the Clause be read a second time. Question accordingly negatived.","CD:2015-01-06:123"
"http://data.parliament.uk/resources/173262","2015-01-06","Counter Terrorism and Security Bill: Consideration of the Bill, as amended in Committee of the Whole House. Amendment 9 proposed. Question put, That the amendment be made. Question accordingly negatived.","CD:2015-01-06:124"
"http://data.parliament.uk/resources/173263","2015-01-06","Counter Terrorism and Security Bill: Consideration of the Bill, as amended in Committee of the Whole House. Amendment 10 proposed. Question put, That the amendment be made. Question accordingly negatived.","CD:2015-01-06:125"
"http://data.parliament.uk/resources/171737","2014-12-17","Motion made and Q proposed, That this House believes that the bedroom tax, should be abolished with immediate effect. Question put, That the original words stand part of the Question (Standing Order No. 31(2)). Q acc negatived.","CD:2014-12-17:120"
"http://data.parliament.uk/resources/171738","2014-12-17","Motion made and Q proposed, That this House believes that the bedroom tax, should be abolished. Question put, That the proposed words be there added (Standing Order No. 31(2)). Q acc agreed to.","CD:2014-12-17:121"
"http://data.parliament.uk/resources/171739","2014-12-17","Food Banks: See V&P for full details. Q acc negatived.","CD:2014-12-17:122"
"http://data.parliament.uk/resources/171743","2014-12-16","Equal Pay (Transparency) Bill: Motion for Leave to bring in a Bill (see V&P). Question accordingly agreed to.","CD:2014-12-16:117"
"http://data.parliament.uk/resources/171744","2014-12-16","Counter-Terrorism and Security Bill: Committee of the Whole House. Clause 24 (Power to issue guidance). Question put, That Amendment 20 be made. Question accordingly negatived.","CD:2014-12-16:118"
"http://data.parliament.uk/resources/171745","2014-12-16","Counter-Terrorism and Security Bill: Committee of the Whole House. New Clause NC12 brought up and read the first time. Question put, That the Clause be read a second time. Question accordingly negatived.","CD:2014-12-16:119"
"http://data.parliament.uk/resources/171740","2014-12-15","Motion made and Question proposed, That the Firefighters’ Pension Scheme (England) Regulations 2014 (S.I., 2014, No. 2848), dated 23.10.14, a copy laid before this House on 28 Oct, be revoked. Question accordingly negatived.","CD:2014-12-15:114"
"http://data.parliament.uk/resources/171741","2014-12-15","Counter-Terrorism and Security Bill: Cttee of the whole House (2nd alloc. day). Clause 1 (Seizure of passports etc from persons suspected of involvement in terrorism) Amdt. 29 proposed. Q. put, That the Amdt. be made. Q. acc. negatived.","CD:2014-12-15:115"
"http://data.parliament.uk/resources/171742","2014-12-15","Counter-Terrorism and Security Bill: Cttee of the whole House (2nd alloc. day). Schedule 1 (Seizure of passports etc from persons suspected of involvement in terrorism) Q. put, That Amdt. 17 be made. Q. acc.  negatived.","CD:2014-12-15:116"
"http://data.parliament.uk/resources/170564","2014-12-08","Infrastructure Bill: second reading. Amendment made - see V&P for details. Q acc negatived.","CD:2014-12-08:112"
"http://data.parliament.uk/resources/170565","2014-12-08","Infrastructure Bill: That the Bill be now read a second time, put forthwith (Standing Order No. 62(2)). Q acc agreed to.","CD:2014-12-08:113"
"http://data.parliament.uk/resources/168745","2014-12-05","International Development (Official Development Assistance Target) Bill: Consideration of the Bill, as amended in the Public Bill Committee. Question proposed, That new NC1 be read a second time. Q acc agreed to.



","CD:2014-12-05:106"
"http://data.parliament.uk/resources/168746","2014-12-05","International Development (Official Development Assistance Target) Bill: Consideration of the Bill, as amended in the Public Bill Committee. Question put, That the new Clause be read a second time. Q acc negatived.","CD:2014-12-05:107"
"http://data.parliament.uk/resources/168747","2014-12-05","International Development (Official Development Assistance Target) Bill: New Clause NC5 brought up, and read the first time. Question put, That the new Clause be read a second time. Q acc negatived.

","CD:2014-12-05:108"
"http://data.parliament.uk/resources/168748","2014-12-05","International Development (Official Development Assistance Target) Bill: New Clause NC7 brought up, and read the first time. Question put, That the new Clause be read a second time. Q acc negatived.

","CD:2014-12-05:109"
"http://data.parliament.uk/resources/168749","2014-12-05","International Development (Official Development Assistance Target) Bill: Motion made and Question proposed, That the Bill be now read the third time. Question put, That the Question be now put. Q acc agreed to.","CD:2014-12-05:110"
"http://data.parliament.uk/resources/168750","2014-12-05","International Development (Official Development Assistance Target) Bill: Question accordingly put, That the Bill be now read the third time. Q acc agreed to.","CD:2014-12-05:111"
"http://data.parliament.uk/resources/168744","2014-12-03","Taxation of Pensions Bill: Consideration of the Bill, as amended in the Public Bill Committee. New Clause NC1. Question put, That the Clause be read a second time. Question accordingly negatived.","CD:2014-12-03:105"
"http://data.parliament.uk/resources/168751","2014-12-01","Criminal Justice and Courts Bill: Consideration of Lords Amendments. That this House disagrees with the Lords in their Amendment 97. Question agreed to and Lords Amendment 97 accordingly disagreed to.","CD:2014-12-01:100"
"http://data.parliament.uk/resources/168752","2014-12-01","Criminal Justice and Courts Bill:  That this House disagrees with the Lords in their Amendment 103. Question agreed to and Lords Amendment 103 accordingly disagreed to.","CD:2014-12-01:101"
"http://data.parliament.uk/resources/168753","2014-12-01","Criminal Justice and Courts Bill: That this House disagrees with the Lords in their Amendment 107. Question agreed to and Lords Amendment 107 accordingly disagreed to.","CD:2014-12-01:102"
"http://data.parliament.uk/resources/168754","2014-12-01","Criminal Justice and Courts Bill: Lords amendments - see V&P for full details.","CD:2014-12-01:103"
"http://data.parliament.uk/resources/168755","2014-12-01","Criminal Justice and Courts Bill: That this House disagrees with the Lords in their Amendment 74. Question agreed to and Lords Amendment 74 accordingly disagreed to.
","CD:2014-12-01:104"
"http://data.parliament.uk/resources/167173","2014-11-28","Motion to sit in private. Question accordingly negatived.","CD:2014-11-28:98"
"http://data.parliament.uk/resources/167174","2014-11-28","Tenancies (Reform) Bill: Second Reading. Question put, That the Question be now put.","CD:2014-11-28:99"
"http://data.parliament.uk/resources/167171","2014-11-26","Opposition Day: Performance of the economy. See V&P for full details. Q acc negatived.","CD:2014-11-26:96"
"http://data.parliament.uk/resources/167172","2014-11-26","Opposition Day: Effect of Government policy on Wales. See V&P for full details. Q acc negatived.","CD:2014-11-26:97"
"http://data.parliament.uk/resources/167166","2014-11-24","Recall of MPs Bill: consideration of Bill as amended in Cttee of Whole House. New clause NC2. Q put: that the Clause be read a second time. Q acc negatived.","CD:2014-11-24:91"
"http://data.parliament.uk/resources/167167","2014-11-24","Recall of MPs Bill: that Amendment 14 be made. Q acc agreed to.","CD:2014-11-24:92"
"http://data.parliament.uk/resources/167168","2014-11-24","Recall of MPs Bill: that Amendment 15 be made. Q acc negatived.","CD:2014-11-24:93"
"http://data.parliament.uk/resources/167169","2014-11-24","Recall of MPs Bill: that Amendment 24 be made. Q acc agreed to.","CD:2014-11-24:94"
"http://data.parliament.uk/resources/167170","2014-11-24","Recall of MPs Bill: that Amendment 16 be made. Q acc agreed to.","CD:2014-11-24:95"
"http://data.parliament.uk/resources/164548","2014-11-21","That this House sit in private. Q acc negatived.","CD:2014-11-21:88"
"http://data.parliament.uk/resources/164549","2014-11-21","That the National Health Service (Amended Duties and Powers) Bill be now read a second time. Q acc agreed to.
","CD:2014-11-21:89"
"http://data.parliament.uk/resources/164550","2014-11-21","National Health Service (Amended Duties and Powers) Bill - That the Bill be now read a second time. Q acc agreed to.","CD:2014-11-21:90"
"http://data.parliament.uk/resources/164545","2014-11-19","Small Business, Enterprise and Employment Bill: Further consideration of the Bill (2nd allocated day). Amdt. 8 proposed. Q. put, That the Amdt. be made. Q. accordingly negatived.

","CD:2014-11-19:85"
"http://data.parliament.uk/resources/164546","2014-11-19","Small Business, Enterprise and Employment Bill: Further consideration of the Bill (2nd allocated day). That Amdt. 10 be made (Q. on an Amdt. selected by the Spkr for separate decision). Q. accordingly negatived.","CD:2014-11-19:86"
"http://data.parliament.uk/resources/164547","2014-11-19","Opp. Day: Leader of the Opp. (unallotted half day (S.O. No. 14 and Order, 17 November)) EU Justice and Home Affairs Measures. Motion [see V&P] made. Q. accordingly put. Q. accordingly agreed to.","CD:2014-11-19:87"
"http://data.parliament.uk/resources/164544","2014-11-18","Small Business, Enterprise and Employment Bill: Consideration of the Bill, as amended in the PBC. Q. put, That Amdt. 1 be made. The House divided. Q. acc. negatived.","CD:2014-11-18:84"
"http://data.parliament.uk/resources/164553","2014-11-18","Small Business, Enterprise and Employment Bill: Consideration of the Bill, as amended in the PBC. New Clause NC2 brought up, read the first time. Q. put, That the Clause be read a second time. Q. acc. agreed to.","CD:2014-11-18:82"
"http://data.parliament.uk/resources/164554","2014-11-18","Small Business, Enterprise and Employment Bill: Consideration of the Bill, as amended in the PBC. That Amdt. 5 be made (Q. on an Amdt. selected by the Spkr for separate decision). Q. acc. negatived.","CD:2014-11-18:83"
"http://data.parliament.uk/resources/164551","2014-11-17","Childcare Payments Bill: Consideration of the Bill, as amended in the PBC, New Clause NC1 brought up, and read the first time. Q. put, That the Clause be read a second time. Q. accordingly negatived.","CD:2014-11-17:80"
"http://data.parliament.uk/resources/164552","2014-11-17","Childcare Payments Bill: Consideration of the Bill, as amended in the PBC, New Clause NC2 brought up, and read the first time. Question put, That the Clause be read a second time. Question accordingly negatived.","CD:2014-11-17:81"
"http://data.parliament.uk/resources/161144","2014-11-10","Motion made and Question put, That the debate on the Motion relating to Criminal Law may continue until 10.00pm, at which time the Speaker shall put the Question. Q aggreeed to.","CD:2014-11-10:77"
"http://data.parliament.uk/resources/161145","2014-11-10","Motion made and Question proposed, That the draft Criminal Justice and Data Protection (Protocol No. 36) Regulations 2014, which were laid before this House on 3 November, be approved. Q acc negatived","CD:2014-11-10:78"
"http://data.parliament.uk/resources/161146","2014-11-10","Criminal Law: Original Question accordingly put. Q acc agreed to.","CD:2014-11-10:79"
"http://data.parliament.uk/resources/155645","2014-11-07","Off-patent Drugs Bill: Second Reading. Motion made and Question put, that the Bill be now read a second time.
","CD:2014-11-07:75"
"http://data.parliament.uk/resources/155646","2014-11-07","Football Governance Bill: second reading.","CD:2014-11-07:76"
"http://data.parliament.uk/resources/155643","2014-11-05","Opp day: top rate of income tax. House calls on govt to rule out any further reduction in top rate. Q acc negatived.","CD:2014-11-05:73"
"http://data.parliament.uk/resources/155644","2014-11-05","Opp day: buses. House calls on the Govt to ensure that all regions are able to develop more integrated, frequent, cheaper and greener bus services with integrated ticketing. Q acc negatived.","CD:2014-11-05:74"
"http://data.parliament.uk/resources/155637","2014-11-04","Motion made and Question put, That leave be given to bring in a Bill to clarify the law relating to abortion on the basis of sex-selection; and for connected purposes. Q acc agreed to.","CD:2014-11-04:67"
"http://data.parliament.uk/resources/155638","2014-11-04","Modern Slavery Bill: Consideration of the Bill, as amended in the PBC. New clauses added. Q acc negatived.","CD:2014-11-04:68"
"http://data.parliament.uk/resources/155639","2014-11-04","Modern Slavery Bill - that new clause NC4 be added to the Bill. Q acc negatived.","CD:2014-11-04:69"
"http://data.parliament.uk/resources/155640","2014-11-04","Modern Slavery Bill : that new clause NC1 be read a second time. Q acc negatived.","CD:2014-11-04:70"
"http://data.parliament.uk/resources/155641","2014-11-04","Modern Slavery Bill: that new clause NC2 be added to the Bill. Q acc negatived.","CD:2014-11-04:71"
"http://data.parliament.uk/resources/155642","2014-11-04","Modern Slavery Bill: that new clause NC22 be added to the Bill. Q acc negatived.","CD:2014-11-04:72"
"http://data.parliament.uk/resources/155636","2014-11-03","International Development (Official Development Assistance Target) Bill  - see V&P. Q acc agreed to.","CD:2014-11-03:66"
"http://data.parliament.uk/resources/105743","2014-10-29","Q proposed: that leave be given to bring in a Bill to amend the Railways Act 1993 to permit public sector railway operators. Q acc agreed to.","CD:2014-10-29:65"
"http://data.parliament.uk/resources/105742","2014-10-28","Welfare reform and disabled people: the House has no confidence in the Parliamentary Under Secretary following remarks about disabled people. Q acc negatived.","CD:2014-10-28:64"
"http://data.parliament.uk/resources/105741","2014-10-27","Recall of MPs Bill: Committee of the whole House. Clause 1 (How an MP becomes subject to a recall petition process) Amendment 1 proposed.—(Zac Goldsmith.) Question put, That the Amendment be made.","CD:2014-10-27:63"
"http://data.parliament.uk/resources/105740","2014-10-24","Motion to sit in private","CD:2014-10-24:62"
"http://data.parliament.uk/resources/105739","2014-10-23","Backbench Business. Repeal of the Fixed-Term Parliaments Act 2011. Motion made and Question put, That this House believes that the Government should bring forward proposals to repeal the Fixed-term Parliaments Act 2011.","CD:2014-10-23:61"
"http://data.parliament.uk/resources/105738","2014-10-22","Independent parliamentary standards authority. That an Humble Address be presented to Her Majesty, praying that Her Majesty will appoint Professor Sir Ian Kennedy to the office of the Chair of the Independent Parliamentary Standards Authority.","CD:2014-10-22:60"
"http://data.parliament.uk/resources/105737","2014-10-20","Social Action, Responsibility and Heroism Bill: Consideration of the Bill, not amended in the PBC. Question put, That Amendment 5 be made. Question accordingly negatived.","CD:2014-10-20:59"
"http://data.parliament.uk/resources/105736","2014-10-17","European Union (Referendum) Bill: Second Reading. Motion made and Q proposed, That the European Union (Referendum) Bill be now read a second time. Q agreed to.","CD:2014-10-17:58"
"http://data.parliament.uk/resources/105734","2014-10-15","Opposition Day: National Minimum Wage. Motion made (see V&P) and Question put. Question accordingly negatived.","CD:2014-10-15:56"
"http://data.parliament.uk/resources/105735","2014-10-15","Opposition Day: Access to NHS Services. Motion made (see V&P) and Question put. Question accordingly negatived.","CD:2014-10-15:57"
"http://data.parliament.uk/resources/105733","2014-10-14","Carers Bedroom Entitlement (Social Housing Sector). Motion made and Question proposed, To bring in a Bill (see V&P). Motion opposed. Q put. Q accordingly agreed to.","CD:2014-10-14:55"
"http://data.parliament.uk/resources/105732","2014-10-13","That this House believes that the Government should recognise the state of Israel, as a contribution to securing a negotiated two state solution. Q acc agreed to.","CD:2014-10-13:54"
"http://data.parliament.uk/resources/105731","2014-09-26","Iraq: Coalition Against ISIL","CD:2014-09-26:53"
"http://data.parliament.uk/resources/105728","2014-09-12","That the House sit in private. Q acc negatived.","CD:2014-09-12:50"
"http://data.parliament.uk/resources/105729","2014-09-12","That the International Development (Official Development Assistance Target) Bill be now read a second time. Q acc agreed to.","CD:2014-09-12:51"
"http://data.parliament.uk/resources/105730","2014-09-12","International Development (Official Development Assistance Target) Bill: that the Bill be now read a second time. Q acc agreed to.","CD:2014-09-12:52"
"http://data.parliament.uk/resources/105727","2014-09-10","Regulatory Reform. Motion made and Q. put, That the draft Legislative Reform (Clinical Commissioning Groups) Order 2014, laid before this House on 13 March 2014, in the last Session, be approved. Q. accordingly agreed to.","CD:2014-09-10:49"
"http://data.parliament.uk/resources/105723","2014-09-05","That the House sit in private. Q acc negatived.","CD:2014-09-05:45"
"http://data.parliament.uk/resources/105724","2014-09-05","Affordable Homes Bill - motion made and Q proposed that the Bill be read for a 2nd time. Q acc agreed to.","CD:2014-09-05:46"
"http://data.parliament.uk/resources/105725","2014-09-05","Affordable Homes Bill - that the Bill now be read a second time. Q acc agreed to.","CD:2014-09-05:47"
"http://data.parliament.uk/resources/105726","2014-09-05","Affordable Homes Bill - that the Bill be committed to a Select Committee. Q acc negatived.","CD:2014-09-05:48"
"http://data.parliament.uk/resources/105721","2014-09-03","Opposition Day: Leader of the Opposition. Energy Company Licence Revocation: Govt continuing to build on reforms to lower simplify energy tariffs. Question accordingly negatived.","CD:2014-09-03:43"
"http://data.parliament.uk/resources/105722","2014-09-03","Opposition Day: Leader of the Opposition. Infant class sizes: Question put - House notes that class sizes have risen since 2010 and capital spending on schools should be directed to areas with greatest need. Q acc negatived.","CD:2014-09-03:44"
"http://data.parliament.uk/resources/105718","2014-07-16","Statutory Instruments: Motion for Approval. That the draft Gangmasters (Licensing Authority) Regulations 2014, laid before this House on 9 June, be approved. Question accordingly agreed to.","CD:2014-07-16:40"
"http://data.parliament.uk/resources/105719","2014-07-16","Political Party Policy Costings (Office for Budget Responsibility): Motion [see V&P] for leave to bring in a Bill (S.O. No. 23). Question accordingly agreed to.","CD:2014-07-16:41"
"http://data.parliament.uk/resources/105720","2014-07-16","Small Business, Enterprise and Employment Bill: Other Proceedings. Any other proceedings on the Bill (including any on consideration of Lords Amendments or on any further messages from the Lords) may be programmed. Q. accordingly agreed to.","CD:2014-07-16:42"
"http://data.parliament.uk/resources/105713","2014-07-15","House will not adjourn on 17 Thurs 2014 until (a) any Lords msg received & Cmtt to draw up Reasons which has been appointed has reported; & (b) Speaker has rep RA to any Act ageed upon the Houses [see V&P].","CD:2014-07-15:35"
"http://data.parliament.uk/resources/105714","2014-07-15","Data Retention and Investigatory Powers Bill: Second Reading. Motion made and Question put, That the Data Retention and Investigatory Powers Bill be now read a second time. Question accordingly agreed to.","CD:2014-07-15:36"
"http://data.parliament.uk/resources/105715","2014-07-15","Data Retention and Investigatory Powers Bill: The House resolved itself into a Cmtt. Clause 6. Question put, That Amendment 2 be made. Question accordingly negatived.","CD:2014-07-15:37"
"http://data.parliament.uk/resources/105716","2014-07-15","Data Retention and Investigatory Powers Bill: The House resolved itself into a Cmtt. New Clause NC5 brought up, and read the first time. Question put, That the Clause be read a second time. Question accordingly negatived.","CD:2014-07-15:38"
"http://data.parliament.uk/resources/105717","2014-07-15","Data Retention and Investigatory Powers Bill: Third Reading. Motion made and Question put, That the Bill be now read a third time. Question accordingly agreed to.","CD:2014-07-15:39"
"http://data.parliament.uk/resources/105711","2014-07-09","Statutory Instruments: Motion for Approval. That the draft Civil Legal Aid, Sentencing and Punishment of Offenders Act 2012 (Amendment of Schedule 1) Order 2014, laid before this House on 31 Mar 2014,  be approved. Q. acc. agreed to.","CD:2014-07-09:33"
"http://data.parliament.uk/resources/105712","2014-07-09","Opposition Day: Leader of the Opposition (4th allotted day) Housing supply. Motion [see V&P] made and Question put. Question accordingly negatived.","CD:2014-07-09:34"
"http://data.parliament.uk/resources/105707","2014-07-02","Finance Bill: Consideration of the Bill, as amended in the PBC (2nd alloc. day). That New Clause NC9 be added to the Bill (New Clause selected by the Speaker for separate decision). Q. acc. negatived.","CD:2014-07-02:29"
"http://data.parliament.uk/resources/105708","2014-07-02","Finance Bill: Consideration of the Bill, as amended in the PBC (2nd alloc. day). New Clause NC10 brought up, and read the first time. Q. put, That the Clause be read a second time. Q. acc. negatived.","CD:2014-07-02:30"
"http://data.parliament.uk/resources/105709","2014-07-02","Finance Bill: Consideration of the Bill, as amended in the PBC (2nd alloc. day). New Clause NC1 brought up, and read the first time. Q. put, That the Clause be read a second time.Q. acc. agreed to.","CD:2014-07-02:31"
"http://data.parliament.uk/resources/105710","2014-07-02","Finance Bill: Third Reading. Q., That the Bill be now read the third time, put forthwith. Q. acc. agreed to. Bill acc. read the third time, and passed.","CD:2014-07-02:32"
"http://data.parliament.uk/resources/105703","2014-07-01","Finance Bill: Consideration of the Bill, as amended in the PBC (1st allocated day). New Clause NC14 brought up and read a second time. Question accordingly negatived.","CD:2014-07-01:25"
"http://data.parliament.uk/resources/105704","2014-07-01","Finance Bill: Consideration of the Bill, as amended in the PBC (1st allocated day). Amendment 67 proposed. Question put, That the Amendment be made. Question accordingly negatived.","CD:2014-07-01:26"
"http://data.parliament.uk/resources/105705","2014-07-01","Finance Bill: Consideration of the Bill, as amended in the PBC (1st allocated day). New Clause NC11 brought up, and read for the first time. Question put, That the Clause be read a second time. Question accordingly negatived.","CD:2014-07-01:27"
"http://data.parliament.uk/resources/105706","2014-07-01","Finance Bill: Consideration of the Bill, as amended in the PBC (1st allocated day). New Clause NC12 brought up, and read for the first time. Question put, That the Clause be read a second time. Question accordingly negatived.","CD:2014-07-01:28"
"http://data.parliament.uk/resources/105702","2014-06-30","Opposition Day: Leader of the Opposition. Performance of the Department for Work and Pensions. Motion [see V&P] made and Question put. Question accordingly negatived.","CD:2014-06-30:24"
"http://data.parliament.uk/resources/105699","2014-06-25","Private rented sector's growing role; calls on govt to reform - banning agent fees to tenants, making 3 yr tenancies the norm, restricting excessive rent rises. Q. Acc. negatived.","CD:2014-06-25:21"
"http://data.parliament.uk/resources/105700","2014-06-25","Role of the Office for Budget Responsibility should be enhanced to be independent re: auditing gen. election manifestos and calls for legislation  to enable this. Q. Acc. negatived.","CD:2014-06-25:22"
"http://data.parliament.uk/resources/105701","2014-06-25","Question put forthwith, That the proposed words be there added (Standing Order No. 31(2)). Q. acc agreed to","CD:2014-06-25:23"
"http://data.parliament.uk/resources/105696","2014-06-24","Wales Bill: Consideration of the Bill. New Clause NC4 brought up, and read the first time. Q. put, That the Clause be read a second time. Q. acc. negatived.","CD:2014-06-24:18"
"http://data.parliament.uk/resources/105697","2014-06-24","Wales Bill: Consideration of the Bill. Amendment 13 proposed. Q. put, That the Amendment be made. Q. acc. negatived.","CD:2014-06-24:19"
"http://data.parliament.uk/resources/105698","2014-06-24","Wales Bill: Consideration of the Bill. Q. put, That Amendment 8 be made. Q. acc. negatived.","CD:2014-06-24:20"
"http://data.parliament.uk/resources/105690","2014-06-23","Deregulation Bill: further consideration of the Bill. Amendment 61 proposed. Q acc. negatived.","CD:2014-06-23:12"
"http://data.parliament.uk/resources/105691","2014-06-23","Deregulation Bill:  that Amendment 13 and Amendment 1 be made. Q acc. negatived","CD:2014-06-23:13"
"http://data.parliament.uk/resources/105692","2014-06-23","Deregulation Bill: new clause 8 - replacing homes lost through the Preserved Right to Buy. Q acc. negatived","CD:2014-06-23:14"
"http://data.parliament.uk/resources/105693","2014-06-23","Deregulation Bill: Clause 17 - Authorisation of insolvency practitioners. Q acc. negatived","CD:2014-06-23:15"
"http://data.parliament.uk/resources/105694","2014-06-23","Deregulation Bill - that Amendment 2 be made. Q acc. negatived.","CD:2014-06-23:16"
"http://data.parliament.uk/resources/105695","2014-06-23","Deregulation Bill - Bill read for the 3rd time and passed.","CD:2014-06-23:17"
"http://data.parliament.uk/resources/105687","2014-06-18","European Semester: EU docs supporting govt priorities to encourage structural reform. Question accordingly agreed to.","CD:2014-06-18:9"
"http://data.parliament.uk/resources/105688","2014-06-18","Passport applications: concern expressed about delays at HM Passport Office. Call on govt to expand emergency measures and publish performance figures. Q. acc negatived.","CD:2014-06-18:10"
"http://data.parliament.uk/resources/105689","2014-06-18","Energy prices: House notes opp policy to freeze prices during market reform; calls on govt to provide energy regulator to force price cuts when wholesale costs fall. Q acc. negatived.","CD:2014-06-18:11"
"http://data.parliament.uk/resources/105684","2014-06-17","Criminal Justice and Courts Bill: Consideration of the Bill, as amended in the PBC (2nd allocated day). That Amdt. 23 be made (Amdt. selected by the Spkr for separate decision). Q. acc. negatived.","CD:2014-06-17:6"
"http://data.parliament.uk/resources/105685","2014-06-17","Criminal Justice and Courts Bill: Consideration of the Bill, as amended in the PBC (2nd allocated day). That Amdt. 35 be made (Amdt. selected by the Spkr for separate decision). Q. acc. negatived.","CD:2014-06-17:7"
"http://data.parliament.uk/resources/105686","2014-06-17","Criminal Justice and Courts Bill: Consideration of the Bill, as amended in the PBC (2nd allocated day). New Clause NC6 brought up and read the first time. Q. put, That the new Clause be read a second time. Q. acc. agreed to.","CD:2014-06-17:8"
"http://data.parliament.uk/resources/105682","2014-06-16","Consumer Rights Bill: Consideration of the Bill, as amended in the PBC (2nd alloc. day). Question put, That New Clause NC30 be read a second time. Question accordingly negatived.","CD:2014-06-16:4"
"http://data.parliament.uk/resources/105683","2014-06-16","Consumer Rights Bill: Consideration of the Bill, as amended in the PBC (2nd alloc. day). Amendment 1 proposed. Question put, That the Amendment be made. Question accordingly negatived.","CD:2014-06-16:5"
"http://data.parliament.uk/resources/105680","2014-06-12","Queen’s Speech (Motion for an Address) (last day). Question again proposed, That an Humble Address be presented to Her Majesty. The economy and living standards. Amendment proposed [see V&P]. Question accordingly negatived.

","CD:2014-06-12:2"
"http://data.parliament.uk/resources/105681","2014-06-12","Queen’s Speech (Motion for an Address) (last day). Question again proposed, That an Humble Address be presented to Her Majesty. Main Question put. Question accordingly agreed to.





","CD:2014-06-12:3"
"http://data.parliament.uk/resources/105679","2014-06-11","Queen's Speech (Motion for an Address): Jobs and work amendment Question put and accordingly negatived.","CD:2014-06-11:1"
"http://data.parliament.uk/resources/105678","2014-05-14","Deregulation Bill: Consideration of the Bill, as amended in the PBC (1st allocated day) (resumed). Question put, That Amendment 72 be made. Question accordingly negatived.","CD:2014-05-14:280"
"http://data.parliament.uk/resources/105672","2014-05-13","Prohibition of Unpaid Internships. Motion made and Q. proposed, That leave be given to bring in a Bill to prohibit unpaid internships; and for connected purposes. Motion opposed (S.O. No. 23(1)). Q. put. Q. accordingly agreed to.","CD:2014-05-13:274"
"http://data.parliament.uk/resources/105673","2014-05-13","Consumer Rights Bill: Consideration of the Bill, as amended in the PBC (1st alloc. day). New Clause NC3-(Stella Creasy)-brought up, and read the first time. Q. put, That the Clause be read a second time. Q. acc. negatived.","CD:2014-05-13:275"
"http://data.parliament.uk/resources/105674","2014-05-13","Consumer Rights Bill: Consideration of the Bill, as amended in the PBC (1st alloc. day). New Clause NC23 brought up, and read the first time. Q. put, That the Clause be read a second time. Q. acc. negatived.","CD:2014-05-13:276"
"http://data.parliament.uk/resources/105675","2014-05-13","Consumer Rights Bill: Consideration of the Bill, as amended in the PBC (1st alloc. day). New Clause NC13 brought up, and read the first time. Q. put, That the Clause be read a second time. Q. acc. negatived.","CD:2014-05-13:277"
"http://data.parliament.uk/resources/105676","2014-05-13","Consumer Rights Bill: Consideration of the Bill, as amended in the PBC (1st alloc. day). That NC16 be added to the Bill (NC selected for separate decision). Q. acc. negatived.","CD:2014-05-13:278"
"http://data.parliament.uk/resources/105677","2014-05-13","Consumer Rights Bill: Consideration of the Bill, as amended in the PBC (1st alloc. day). That NC22 be added to the Bill (NC selected for separate decision). Q. acc. negatived.","CD:2014-05-13:279"
"http://data.parliament.uk/resources/105667","2014-05-12","Care Bill [Lords]: Consideration of Lords Message. Lords Amdts 40B, 40C, 40D and 40E. Amdt (a) to Lords Amdt 40B proposed. Q. put, That the Amdt be made. Q. accordingly negatived.","CD:2014-05-12:269"
"http://data.parliament.uk/resources/105668","2014-05-12","Criminal Justice and Courts Bill (Programme) (No. 2). New Clause NC22 brought up, and read the first time. Q. put, That the Clause be read a second time. Q. accordingly negatived.","CD:2014-05-12:270"
"http://data.parliament.uk/resources/105669","2014-05-12","Criminal Justice and Courts Bill (Programme) (No. 2). That New Clause NC 38 be added to the Bill (New Clause selected by the Speaker for separate decision). Q. accordingly negatived.","CD:2014-05-12:271"
"http://data.parliament.uk/resources/105670","2014-05-12","Criminal Justice and Courts Bill (Programme) (No. 2). That New Clause NC 15 be added to the Bill (New Clause selected by the Speaker for separate decision). Q. accordingly negatived.","CD:2014-05-12:272"
"http://data.parliament.uk/resources/105671","2014-05-12","Criminal Justice and Courts Bill (Programme) (No. 2). Amdt 18 proposed. Q. put, That the Amdt be made.Q. accordingly negatived.","CD:2014-05-12:273"
"http://data.parliament.uk/resources/105662","2014-05-07","Statutory Instrument: Motion for Approval. That the draft Licensing Act 2003 (Mandatory Conditions) Order 2014, which was laid before this House on 9 April, be approved. Question accordingly agreed to.","CD:2014-05-07:264"
"http://data.parliament.uk/resources/105663","2014-05-07","Smoke Alarms (Private Rented Sector): Motion [see V&P] for leave to bring in a Bill (Standing Order No. 23). Motion opposed (Standing Order No. 23(1)). Question put. Question accordingly agreed to.","CD:2014-05-07:265"
"http://data.parliament.uk/resources/105664","2014-05-07","Immigration Bill: Consideration of Lords Amendments. That this House disagrees with the Lords in their Amendment 18 (Question already proposed from the Chair). Question agreed to and Lords Amendment 18 accordingly disagreed to.","CD:2014-05-07:266"
"http://data.parliament.uk/resources/105665","2014-05-07","Immigration Bill: Consideration of Lords Amendments. That this House disagrees with Lords Amendment 16 (Question already proposed from the Chair). Question agreed to and Lords Amendment 16 accordingly disagreed to.","CD:2014-05-07:267"
"http://data.parliament.uk/resources/105666","2014-05-07","Immigration Bill: Consideration of Lords Amendments. That this House disagrees with the Lords in their Amdt. 24 (Q. on any Motion moved by a Minister of the Crown to disagree with Lords Amdt.). Q. agreed to and Lords Amdt. 24 acc. disagreed to.","CD:2014-05-07:268"
"http://data.parliament.uk/resources/105659","2014-05-06","Wales Bill: Committee of the whole House (2nd allocated day). Question put, That Amendment 40 be made. Question accordingly negatived.","CD:2014-05-06:261"
"http://data.parliament.uk/resources/105660","2014-05-06","Wales Bill: Committee of the whole House (2nd allocated day). Question put, That Amendment 35 be made. Question accordingly negatived.","CD:2014-05-06:262"
"http://data.parliament.uk/resources/105661","2014-05-06","Wales Bill: Committee of the whole House (2nd allocated day). New Clause NC1 brought up, and read the first time. Question put, That the new Clause be read a second time. Question accordingly negatived.","CD:2014-05-06:263"
"http://data.parliament.uk/resources/105655","2014-04-30","Section 5 of the European Communities (Amendment) Act 1993. Motion [see V&P] made and Question put. Question accordingly agreed to.","CD:2014-04-30:257"
"http://data.parliament.uk/resources/105656","2014-04-30","Wales Bill: Cttee of the whole House (1st alloc. day). Clause 2 (Removal of restriction on standing for election for both constituency and electoral region).  Q. put, That the Clause stand part of the Bill. Q. acc. agreed to and Clause acc. agreed to","CD:2014-04-30:258"
"http://data.parliament.uk/resources/105657","2014-04-30","Wales Bill: Committee of the whole House (1st allocated day). New Clause NC4 brought up, and read the first time. Q. put, That the new Clause NC4 be read a second time. Q. accordingly negatived.","CD:2014-04-30:259"
"http://data.parliament.uk/resources/105658","2014-04-30","Wales Bill: Committee of the whole House (1st allocated day). That Amdt. 1 be made (Amdt. selected by the Chair for separate decision). The Committee divided. Q. accordingly negatived.","CD:2014-04-30:260"
"http://data.parliament.uk/resources/105654","2014-04-29","Defence Reform Bill: Consideration of Lords Amdts. The Dep. Spkr announced that Lords Amdt. 7 engaged Commons financial privilege. Lords Amdt. 7. Amdt. (a) proposed. Q. put, That the Amdt. be made. Q. acc. negatived.","CD:2014-04-29:256"
"http://data.parliament.uk/resources/105652","2014-04-28","High Speed Rail (London - West Midlands) Bill: Second Reading (resumed). Question again proposed, That the Amendment be made. Question put. Question accordingly negatived.","CD:2014-04-28:254"
"http://data.parliament.uk/resources/105653","2014-04-28","High Speed Rail (London - West Midlands) Bill: Second Reading (resumed). Question, That the Bill be now read a second time, put forthwith. Question put. Question accordingly agreed to.","CD:2014-04-28:255"
"http://data.parliament.uk/resources/105647","2014-04-09","Finance (No. 2) Bill: Cttee of the whole House (2nd alloc. day). Clause 11 (Tax relief for married couples and civil partners), Amdt. 3 proposed. Q. put, That the Amdt. be made. Q. acc. negatived.","CD:2014-04-09:249"
"http://data.parliament.uk/resources/105648","2014-04-09","Finance (No. 2) Bill: Cttee of the whole House (2nd alloc. Day). The following Q. was put forthwith (Standing Order No. 83D).That Clause 11 stand part of the Bill (Q. necessary for the disposal of business to be concluded). Q. acc. agreed to.","CD:2014-04-09:250"
"http://data.parliament.uk/resources/105649","2014-04-09","Finance (No. 2) Bill: Cttee of the whole House (2nd alloc. Day). New Clause NC5 brought up, and read the first time. Q. put, That the Clause be read a second time. Q. acc. negatived.","CD:2014-04-09:251"
"http://data.parliament.uk/resources/105650","2014-04-09","Finance (No. 2) Bill: Cttee of the whole House (2nd alloc. day). That Amdt. 1 be made (Amdt. selected by the Chair for separate decision). Q. acc. negatived.","CD:2014-04-09:252"
"http://data.parliament.uk/resources/105651","2014-04-09","Finance (No. 2) Bill: Cttee of the whole House (2nd alloc. day). New Clause NC2 brought up, and read the first time. Q. put, That the Clause be read a second time. Q. acc. negatived.","CD:2014-04-09:253"
"http://data.parliament.uk/resources/105643","2014-04-08","Finance (No. 2) Bill. Cttee of the whole House (1st alloc. day). Clause 5 (Charge for financial year 2015). Amdt. 2 proposed. Q. put, That the Amdt. be made. Q. acc. negatived.","CD:2014-04-08:245"
"http://data.parliament.uk/resources/105644","2014-04-08","Finance (No. 2) Bill. Cttee of the whole House (1st alloc. day). New Clauses and new Sched. relating to the subject matter of Clause 1. New Clause NC4 brought up, and read the first time. Q. put, That the Clause be read a second time. Q. acc. negativ","CD:2014-04-08:246"
"http://data.parliament.uk/resources/105645","2014-04-08","Finance (No. 2) Bill. Cttee of the whole House (1st alloc. day). That Amdt. 4 be made (Amdt. selected by the Chair for separate decision. Q. acc. negatived.","CD:2014-04-08:247"
"http://data.parliament.uk/resources/105646","2014-04-08","Finance (No. 2) Bill. Cttee of the whole House. New Clauses and new Sched. relating to tax relief in connection with costs of childcare. New Clause NC1 brought up, and read the 1st time. Q. put, That the Clause be read a 2nd time. Q. acc. negatived.","CD:2014-04-08:248"
"http://data.parliament.uk/resources/105642","2014-04-02","Opposition Day: Leader of the Opposition. Energy Price Freeze. Motion [see V&P] made and Question proposed, agreed to and accordingly put. Question accordingly negatived.","CD:2014-04-02:244"
"http://data.parliament.uk/resources/105639","2014-04-01","Finance (No. 2) Bill: Second Reading. Motion made and Q. proposed, That the Finance (No. 2) Bill be now read a second time. Q. put, That the Amendment [see V&P] be made. Q. accordingly negatived.","CD:2014-04-01:241"
"http://data.parliament.uk/resources/105640","2014-04-01","Finance (No. 2) Bill: Second Reading. Q., That the Bill be now read a second time, put forthwith (Standing Order No. 62(2)). Q. accordingly agreed to and Bill read a second time.","CD:2014-04-01:242"
"http://data.parliament.uk/resources/105641","2014-04-01","Finance (No. 2) Bill (Carry-over). Motion made and Q. put forthwith, That if, at the conclusion of this Session, proceedings on the Bill have not been completed, they shall be resumed in the next Session. Q. accordingly agreed to.","CD:2014-04-01:243"
"http://data.parliament.uk/resources/105638","2014-03-26","Charter for Budget Responsibility. Motion made and Question put, That the modified Charter for Budget Responsibility, which was laid before this House on 19 March, be approved. Question accordingly agreed to.","CD:2014-03-26:240"
"http://data.parliament.uk/resources/105633","2014-03-25","Representation of the People (Scotland): Motion for leave to bring in a Bill Motion (see V&P), Question accordingly negatived.","CD:2014-03-25:235"
"http://data.parliament.uk/resources/105634","2014-03-25","Ways and Means: Amendment of the law (last day). Question (see V&P) again proposed. Question accordingly agreed to.","CD:2014-03-25:236"
"http://data.parliament.uk/resources/105635","2014-03-25","Ways and Means: Amendment of the law (last day). Motion made and Question put, That corporation tax is charged for the financial year 2015. Question accordingly agreed to.","CD:2014-03-25:237"
"http://data.parliament.uk/resources/105636","2014-03-25","Ways and Means: Amendment of the law (last day). Air passenger duty (rates of duty from 1 April 2014). Motion made and Question put (see V&P). Question accordingly agreed to.","CD:2014-03-25:238"
"http://data.parliament.uk/resources/105637","2014-03-25","Ways and Means: Amendment of the law (last day). Motion made and Question put, That provision (including provision with retrospective effect) may be made about the bank levy. Question accordingly agreed to.","CD:2014-03-25:239"
"http://data.parliament.uk/resources/105631","2014-03-17","Pensions Bill: Consideration of Lords Amendments. Motion made and Question put, That this House disagrees with the Lords in their Amendment 1. Question accordingly agreed to and Lords Amendment 1 accordingly disagreed to.","CD:2014-03-17:233"
"http://data.parliament.uk/resources/105632","2014-03-17","Pensions Bill: Consideration of Lords Amendments. Lords Amendment 9. Amendment (a) proposed. Question put, That the Amendment be made. Question accordingly negatived.","CD:2014-03-17:234"
"http://data.parliament.uk/resources/105630","2014-03-13","
Backbench Business  (SO No. 14)); Badger cull - Motion made and Question put; Question accordingly agreed to.","CD:2014-03-13:232"
"http://data.parliament.uk/resources/105629","2014-03-12","Intellectual Property Bill [Lords]: Consideration of the Bill, as amended in the PBC. New Clause NC1 brought up, and read the first time. Q. put, That the Clause be read a second time. Q. accordingly negatived.","CD:2014-03-12:231"
"http://data.parliament.uk/resources/105625","2014-03-11","Care Bill [Lords]: Further consideration of the Bill, as amended in the PBC. That New Clause NC25 be added to the Bill (Q. on a new Clause selected by the Speaker for separate decision). Q. acc. Negatived.
","CD:2014-03-11:227"
"http://data.parliament.uk/resources/105626","2014-03-11","Care Bill [Lords]: Further consideration of the Bill, as amended in the PBC. That Amdt. 29 be made (Q. on an Amendment selected by the Speaker for separate decision). Q. accordingly negatived.","CD:2014-03-11:228"
"http://data.parliament.uk/resources/105627","2014-03-11","Care Bill [Lords]: Further consideration of the Bill, as amended in the PBC. New Clause NC16 brought up, and read the first time. Q. put, That NC16 be read a second time. Q. acc. negatived.","CD:2014-03-11:229"
"http://data.parliament.uk/resources/105628","2014-03-11","Care Bill [Lords]: Further consideration of the Bill, as amended in the PBC. That Amdt. 30 be made (Q. on an Amdt. selected by the Speaker for separate decision). Q. acc. negatived.","CD:2014-03-11:230"
"http://data.parliament.uk/resources/105620","2014-03-10","Care Bill [Lords]: Consideration of the Bill, as amended in the PBC. That New Clause NC9 be added to the Bill (Q. on new Clause selected by the Speaker for separate decision). Q. acc. negatived.","CD:2014-03-10:222"
"http://data.parliament.uk/resources/105621","2014-03-10","Care Bill [Lords]: Consideration of the Bill, as amended in the PBC. That New Clause NC11 be added to the Bill (Q. on new Clause selected by the Speaker for separate decision). Q. acc. negatived.","CD:2014-03-10:223"
"http://data.parliament.uk/resources/105622","2014-03-10","Care Bill [Lords]: Consideration of the Bill, as amended in the PBC. That New Clause NC19 be added to the Bill (Q. on new Clause selected by the Speaker for separate decision). Q. acc. negatived.","CD:2014-03-10:224"
"http://data.parliament.uk/resources/105623","2014-03-10","Care Bill [Lords]: Consideration of the Bill, as amended in the PBC. New Clause NC27 brought up, and read the first time. Q. put, That the Clause be read a second time. Q. acc. negatived.","CD:2014-03-10:225"
"http://data.parliament.uk/resources/105624","2014-03-10","Care Bill [Lords]: Consideration of the Bill, as amended in the PBC. That Amendment 19 be made (Amendment selected by the Speaker for separate decision). Q. acc. negatived.","CD:2014-03-10:226"
"http://data.parliament.uk/resources/105614","2014-03-05","SI: Motion for Approval. That the draft Marriage (Same Sex Couples) (Jurisdiction and Recognition of Judgments) Regulations 2014, laid before this House on 23 January, be approved. Q. acc. agreed to.","CD:2014-03-05:216"
"http://data.parliament.uk/resources/105615","2014-03-05","SI: Motion for Approval. That the draft Marriage of Same Sex Couples (Registration of Shared Buildings) Regulations 2014, laid before this House on 23 January, be approved. Q. acc. agreed to.","CD:2014-03-05:217"
"http://data.parliament.uk/resources/105616","2014-03-05","SI: Motion for Approval. That the draft Marriage of Same Sex Couples (Use of Armed Forces’ Chapels) Regulations 2014, laid before this House on 23 January, be approved. Q. acc. agreed to.","CD:2014-03-05:218"
"http://data.parliament.uk/resources/105617","2014-03-05","SI: Motion for Approval. That the draft Consular Marriages and Marriages under Foreign Law Order 2014, laid before this House on 23 January, be approved. Q. acc. agreed to.","CD:2014-03-05:219"
"http://data.parliament.uk/resources/105618","2014-03-05","SI: Motion for Approval. That the draft Marriage (Same Sex Couples) Act 2013 (Consequential and Contrary Provisions and Scotland) Order 2014,  laid before this House on 23 January, be approved. Q. acc. agreed to.","CD:2014-03-05:220"
"http://data.parliament.uk/resources/105619","2014-03-05","SI: Motion for Approval. That the draft Overseas Marriage (Armed Forces) Order 2014, laid before this House on 24 January, be approved. Q. acc. agreed to.","CD:2014-03-05:221"
"http://data.parliament.uk/resources/105613","2014-02-28","Motion to sit in private; Question put forthwith (Standing Order No. 163). Question accordingly negatived.","CD:2014-02-28:215"
"http://data.parliament.uk/resources/105612","2014-02-26","Opp. Day: Housing Benefit (Transitional Provisions) (Amdmt.) Regulations 2014 (S.I., 2014, No. 212). Motion [see V&P] made and Q. proposed. Question accordingly negatived.","CD:2014-02-26:214"
"http://data.parliament.uk/resources/105608","2014-02-12","Public Bodies (Abolition of the National Consumer Council and Transfer of the Office of Fair Trading’s Functions in relation to Estate Agents etc) Order 2014; Question accordingly agreed to.","CD:2014-02-12:210"
"http://data.parliament.uk/resources/105609","2014-02-12","Opp Day Debate- Housing Benefit and Universal Credit in the Social Housing Sector (Regular Payments): Motion for leave to bring in a Bill (SO No. 23); Question accordingly agreed to.","CD:2014-02-12:211"
"http://data.parliament.uk/resources/105610","2014-02-12","Police; Motion relating to Police (Order, 10 February); Question accordingly agreed to.
","CD:2014-02-12:212"
"http://data.parliament.uk/resources/105611","2014-02-12","Local Government Finance Report (England) 2014-15;That the Local Government Finance Report (England) 2014–15 (HC 1055), which was laid before this House on 5 February, be approved  Question accordingly agreed to.


","CD:2014-02-12:213"
"http://data.parliament.uk/resources/105607","2014-02-11","Opp Day debate:Fairness and inequality;(20th allotted day (SO No. 14)); Motion made and Question proposed, Question accordingly put. Question accordingly negatived.



","CD:2014-02-11:209"
"http://data.parliament.uk/resources/105605","2014-02-10","Children and Families Bill: Consideration of Lords Amendments. That this House agrees with the Lords in their Amendment 125 (Q. already proposed from the Chair). Q. agreed to and Lords Amendment 125 accordingly agreed to.","CD:2014-02-10:207"
"http://data.parliament.uk/resources/105606","2014-02-10","Children and Families Bill: Cons. of Lords Amdts. That this House agrees with Lords Amdts. 121 -124 and 150 (Single Q. to agree with the remaining Lords amdts. to be disposed of at that time). Q. agreed to, with Commons financial privilege waived.","CD:2014-02-10:208"
"http://data.parliament.uk/resources/105602","2014-02-05","Opposition Day: Leader of the Opposition (unallotted day). NHS. Motion [see V&P] made and Question proposed. Amendment [see V&P] moved. Question put, That the original words stand part of the Question. Question accordingly negatived.","CD:2014-02-05:204"
"http://data.parliament.uk/resources/105603","2014-02-05","Opposition Day: Leader of the Opposition (unallotted day). NHS.  Question, That the proposed words be there added, put forthwith. Question accordingly agreed to. The Deputy Speaker declared the Main Question, as amended, agreed to.","CD:2014-02-05:205"
"http://data.parliament.uk/resources/105604","2014-02-05","Opposition Day: Leader of the Opposition (unallotted day). Job insecurity. Motion [see V&P] made and Question proposed. Question accordingly put. Question accordingly negatived.","CD:2014-02-05:206"
"http://data.parliament.uk/resources/105600","2014-02-04","Anti-social Behaviour, Crime and Policing Bill (Programme) (No. 3); Consideration of Lords Amnd; Motion made and Question put, Question agreed to and Lords Amnd 112 accordingly disagreed to
","CD:2014-02-04:202"
"http://data.parliament.uk/resources/105601","2014-02-04","Anti-social Behaviour, Crime and Policing Bill: Consideration of Lords Amnd: Motion made and Question put, That Amnd (a) be made to the Bill in lieu of Lords Amnd 112 disagreed to; Question agreed to and Amnd (a) in lieu accordingly made.","CD:2014-02-04:203"
"http://data.parliament.uk/resources/105596","2014-01-30","Immigration Bill: Consideration of the Bill, as amended in the PBC.That New Clauses NC12 and NC18 be added to the Bill (Question on new Clauses moved by a Minister of the Crown). Question accordingly agreed to.","CD:2014-01-30:198"
"http://data.parliament.uk/resources/105597","2014-01-30","Immigration Bill: Consideration of the Bill, as amended in the PBC. That New Clause NC15 be added to the Bill (Question on new Clause selected for separate decision). Question accordingly negatived.","CD:2014-01-30:199"
"http://data.parliament.uk/resources/105598","2014-01-30","Immigration Bill: Consideration of the Bill, as amended in the PBC. That Amendment 1 be made (Question on Amendment selected for separate decision). Question accordingly negatived.","CD:2014-01-30:200"
"http://data.parliament.uk/resources/105599","2014-01-30","Immigration Bill: Third Reading. Question, That the Bill be now read the third time, put forthwith. Question accordingly agreed to.","CD:2014-01-30:201"
"http://data.parliament.uk/resources/105594","2014-01-29","Opposition Day: Leader of the Opposition (19th allotted day). Teaching quality. Motion [see V&P] made and Question proposed. Amendment [see V&P] moved. Question put, That the original words stand part of the Question. Question accordingly negatived.
","CD:2014-01-29:196"
"http://data.parliament.uk/resources/105595","2014-01-29","Opposition Day: Leader of the Opposition (19th allotted day). Teaching quality. Question put forthwith, That the proposed words [see V&P] be there added. Question accordingly agreed to. The Speaker declared the Main Question, as amended, agreed to. 
","CD:2014-01-29:197"
"http://data.parliament.uk/resources/105591","2014-01-27","European Union (Approvals) Bill [Lords]:Clause 1 (Approval of draft decisions under Article 352 of TFEU); Amd 4 proposed; Question put, Question accordingly negatived

","CD:2014-01-27:193"
"http://data.parliament.uk/resources/105592","2014-01-27","European Union (Approvals) Bill [Lords]: Clause 2 (Extent, commencement and short title); Question put, That Amd 3 be made; Question accordingly negatived

","CD:2014-01-27:194"
"http://data.parliament.uk/resources/105593","2014-01-27","European Union (Approvals) Bill [Lords]: Third Reading; Motion made and Question put,Question accordingly agreed to.

","CD:2014-01-27:195"
"http://data.parliament.uk/resources/105590","2014-01-24","Motion to sit in private;Question put forthwith (Standing Order No. 163). Question accordingly negatived.","CD:2014-01-24:192"
"http://data.parliament.uk/resources/105589","2014-01-23","Backbench Business (25th allotted day). Shrewsbury 24 and release of papers. Motion [see V&P] made and Question put. Question accordingly agreed to.
","CD:2014-01-23:191"
"http://data.parliament.uk/resources/105584","2014-01-22","Statutory Instrument: That the draft Civil Legal Aid (Merits Criteria) (Amendment) (No. 2) Regulations 2013, which were laid before this House on 25 Nov, be approved. Question accordingly agreed to.
","CD:2014-01-22:186"
"http://data.parliament.uk/resources/105585","2014-01-22","Transparency of Lobbying, Non-Party Campaigning and Trade Union Administration Bill: Consideration  of Lords Amdts. That this House disagrees with Lords in their Amdt. 1 Q. Agreed to and Lords Amdt. 1 accordingly disagreed to.","CD:2014-01-22:187"
"http://data.parliament.uk/resources/105586","2014-01-22","Transparency of Lobbying, Non-Party Campaigning and Trade Union Administration Bill: Consideration of Lords Amdts. Motion made and Q. put, That this House disagrees with Lords in their Amdt. 108. Q. agreed to and Lords Amdt. 108 acc. disagreed to.","CD:2014-01-22:188"
"http://data.parliament.uk/resources/105587","2014-01-22","Transparency of Lobbying, Non-Party Campaigning and Trade Union Administration Bill: Consideration of Lords Amdts. That this House disagrees with the Lords in their Amdt. 26. Q agreed to and Lords Amdt. 26 accordingly disagreed to.","CD:2014-01-22:189"
